place_id,data_id,name,rating,review_count,price,type,types,address,phone,website,latitude,longitude,labels,search_neighborhoods
ChIJCQbEvTDGxokRneVcOpxMXDI,0x89c6c630bdc40609:0x325c4c9c3a5ce59d,The Dandelion,4.6,5558.0,$20–60,Restaurant,"Restaurant, Bar, British restaurant, Takeout Restaurant, Pub","124 S 18th St, Philadelphia, PA 19103",(215) 558-2500,https://thedandelionpub.com/?utm_source=GoogleBusinessProfile&utm_medium=Website&utm_campaign=MapLabs,39.950998899999995,-75.1706311,"gluten free restaurants, restaurants","Center City Philadelphia PA, Rittenhouse Philadelphia PA, South Philadelphia PA"
ChIJicQ2ljDGxokRH_KV3ONo-B4,0x89c6c6309636c489:0x1ef868e3dc95f21f,The Love.,4.6,1985.0,$30–90,Restaurant,"Restaurant, American restaurant, Bar, Brunch restaurant, Cocktail bar, Lounge bar, Lunch restaurant, New American restaurant, Wine bar","130 S 18th St, Philadelphia, PA 19103",(215) 433-1555,https://theloverestaurant.com/?utm_source=GoogleBusinessProfile&utm_medium=Website&utm_campaign=MapLabs,39.950607,-75.1709389,"gluten free restaurants, restaurants, vegetarian restaurants","Center City Philadelphia PA, Rittenhouse Philadelphia PA"
ChIJ09z2qQzHxokR-1gpzJ4Sgm0,0x89c6c70ca9f6dcd3:0x6d82129ecc2958fb,Darling Jack's Tavern,4.6,508.0,$20–30,Restaurant,Restaurant,"104 S 13th St, Philadelphia, PA 19107",(215) 546-4200,http://www.darlingjacks.com/,39.950109999999995,-75.1621167,restaurants,Center City Philadelphia PA
ChIJ6_UiaC_GxokRxRLbUmfNszM,0x89c6c62f6822f5eb:0x33b3cd6752db12c5,El Vez,4.5,6516.0,$20–30,Restaurant,"Restaurant, Brunch restaurant, Eclectic restaurant, Family restaurant, Latin American restaurant, Lunch restaurant, Takeout Restaurant, Mexican restaurant, Spanish restaurant, Taco restaurant","121 S 13th St, Philadelphia, PA 19107",(215) 928-9800,https://elvezrestaurant.com/?utm_source=GoogleBusinessProfile&utm_medium=Website&utm_campaign=MapLabs,39.949701999999995,-75.1617703,"Mexican restaurants, gluten free restaurants, restaurants","Center City Philadelphia PA, Old City Philadelphia PA, Rittenhouse Philadelphia PA, South Philadelphia PA, University City Philadelphia PA"
ChIJrWKnrM3HxokRykMoFT3yhpk,0x89c6c7cdaca762ad:0x9986f23d152843ca,Wilder,4.6,1059.0,$20–80,New American restaurant,"New American restaurant, Event venue, Fine dining restaurant, Pizza restaurant, Pizza Takeout, Restaurant","2009 Sansom St, Philadelphia, PA 19103",(215) 309-2149,https://wilderphilly.com/,39.951479899999995,-75.17402799999999,"Italian restaurants, gluten free restaurants, restaurants, vegetarian restaurants","Center City Philadelphia PA, Rittenhouse Philadelphia PA"
ChIJ2Xk-fzfGxokRQZMpUsa-jJQ,0x89c6c6377f3e79d9:0x948cbec652299341,Vernick Food & Drink,4.7,1103.0,$100+,New American restaurant,"New American restaurant, Bar, Restaurant","2031 Walnut St, Philadelphia, PA 19103",(267) 639-6644,https://www.vernickphilly.com/vernick-food-and-drink,39.950890099999995,-75.1748669,restaurants,"Center City Philadelphia PA, Rittenhouse Philadelphia PA"
ChIJqyD-RZ3IxokRlperfPwPx9M,0x89c6c89d45fe20ab:0xd3c70ffc7cab9796,Talula's Garden,4.8,3095.0,$30–90,Restaurant,"Restaurant, American restaurant, Brunch restaurant, Cocktail bar, Family restaurant, Gluten-free restaurant, New American restaurant","210 W Washington Square, Philadelphia, PA 19106",(215) 592-7787,http://www.talulasgarden.com/?utm_source=Google%20My%20Business&utm_medium=Website%20Button,39.947260199999995,-75.1535347,"gluten free restaurants, restaurants, vegan restaurants, vegetarian restaurants","Center City Philadelphia PA, Old City Philadelphia PA, Rittenhouse Philadelphia PA, South Philadelphia PA, University City Philadelphia PA"
ChIJOxKK_y_GxokRAcSUh1dzBbM,0x89c6c62fff8a123b:0xb30573578794c401,Butcher and Singer,4.6,2469.0,$100+,Restaurant,"Restaurant, American restaurant, Chophouse restaurant, Cocktail bar, Family restaurant, Fine dining restaurant, Takeout Restaurant, Steak house, Wine bar","1500 Walnut St, Philadelphia, PA 19102",(215) 732-4444,https://butcherandsinger.com/?utm_source=GoogleBusinessProfile&utm_medium=Website&utm_campaign=MapLabs,39.949473,-75.1662616,restaurants,Center City Philadelphia PA
ChIJf7rSRDjGxokR1cJYp_u6uv8,0x89c6c63844d2ba7f:0xffbabafba758c2d5,Friday Saturday Sunday,4.7,889.0,$100+,New American restaurant,"New American restaurant, American restaurant, Bar, Restaurant","261 S 21st St, Philadelphia, PA 19103",(215) 546-4232,http://fridaysaturdaysunday.com/,39.9489446,-75.1759667,restaurants,"Center City Philadelphia PA, Rittenhouse Philadelphia PA"
ChIJOX1Kai_GxokRA9FwrimJP-Y,0x89c6c62f6a4a7d39:0xe63f8929ae70d103,Barbuzzo,4.5,2305.0,$20–60,Mediterranean restaurant,Mediterranean restaurant,"110 S 13th St, Philadelphia, PA 19107",(215) 546-9300,http://barbuzzo.com/,39.9500062,-75.1621608,restaurants,Center City Philadelphia PA
ChIJf31Ku3nHxokRG2R6LRpXXFE,0x89c6c779bb4a7d7f:0x515c571a2d7a641b,My Loup,4.6,279.0,$100+,Restaurant,Restaurant,"2005 Walnut St, Philadelphia, PA 19103",(267) 239-5925,http://myloupphl.com/,39.9508012,-75.1739867,restaurants,"Center City Philadelphia PA, Rittenhouse Philadelphia PA"
ChIJs8ROVhTHxokR1L8sLi5_2wo,0x89c6c714564ec4b3:0xadb7f2e2e2cbfd4,Grandma's Philly,4.7,4028.0,$20–60,Thai restaurant,"Thai restaurant, Bar, Lounge bar, Small plates restaurant","1304 Walnut St, Philadelphia, PA 19107",(215) 600-4840,http://www.grandmasphilly.com/,39.9489101,-75.1624159,"restaurants, vegetarian restaurants",Center City Philadelphia PA
ChIJBdUeZi_GxokR2uEUM6HYpJ4,0x89c6c62f661ed505:0x9ea4d8a13314e1da,Double Knot,4.6,2814.0,$50–100,Japanese restaurant,"Japanese restaurant, Izakaya restaurant, Restaurant, Sushi restaurant","120 S 13th St, Philadelphia, PA 19107",(215) 631-3868,https://www.doubleknotphilly.com/,39.9496356,-75.1621019,"Japanese restaurants, restaurants","Center City Philadelphia PA, Old City Philadelphia PA, Rittenhouse Philadelphia PA, South Philadelphia PA, University City Philadelphia PA"
ChIJjaJHUYTIxokR6hUWfTrQpu4,0x89c6c8845147a28d:0xeea6d03a7d1615ea,High Street,4.5,1197.0,$20–80,Restaurant,"Restaurant, American restaurant, Bar","101 S 9th St Suite 106, Philadelphia, PA 19107",(215) 625-0988,http://www.highstreetphilly.com/,39.9494611,-75.15546839999999,restaurants,Center City Philadelphia PA
ChIJIdC4lSXGxokRdPjrc50P1VY,0x89c6c62595b8d021:0x56d50f9d73ebf874,Bud & Marilyn's,4.5,2472.0,$20–30,American restaurant,"American restaurant, Restaurant","1234 Locust St, Philadelphia, PA 19107",(215) 546-2220,http://budandmarilyns.com/,39.947807999999995,-75.16218429999999,restaurants,Center City Philadelphia PA
ChIJMW-WlpXHxokRw9Sf2FaFXjE,0x89c6c79596966f31:0x315e8556d89fd4c3,Her Place Supper Club,4.7,260.0,$100+,French restaurant,"French restaurant, Italian restaurant, Restaurant","1740 Sansom St, Philadelphia, PA 19103",,http://www.herplacephilly.com/,39.9507452,-75.1701679,restaurants,"Center City Philadelphia PA, Rittenhouse Philadelphia PA"
ChIJQa1JHDDGxokRGExiHLDYVOA,0x89c6c6301c49ad41:0xe054d8b01c624c18,Harp & Crown,4.5,2466.0,$20–70,Gastropub,"Gastropub, Bar, Fine dining restaurant, New American restaurant, Restaurant","1525 Sansom St, Philadelphia, PA 19102",(215) 330-2800,https://harpcrown.com/,39.9505176,-75.16680319999999,"gluten free restaurants, restaurants","Center City Philadelphia PA, Rittenhouse Philadelphia PA"
ChIJocR57YTIxokRVbmWuISm8ww,0x89c6c884ed79c4a1:0xcf3a684b896b955,Buddakan,4.6,2784.0,$40–100,Restaurant,"Restaurant, Asian fusion restaurant, Asian restaurant, Chinese restaurant, Chinese takeaway, Cocktail bar, Family restaurant, Japanese restaurant, Takeout Restaurant","325 Chestnut St, Philadelphia, PA 19106",(215) 574-9440,https://buddakan.com/?utm_source=GoogleBusinessProfile&utm_medium=Website&utm_campaign=MapLabs,39.9490386,-75.1471998,"Chinese restaurants, Japanese restaurants, gluten free restaurants, restaurants","Center City Philadelphia PA, Old City Philadelphia PA"
ChIJvVEYlSXGxokR-T68hnrA0oI,0x89c6c625951851bd:0x82d2c07a86bc3ef9,Little Nonna's,4.5,1840.0,$20–30,Italian restaurant,"Italian restaurant, Bar, Restaurant","1234 Locust St, Philadelphia, PA 19107",(215) 546-2100,http://littlenonnas.com/,39.9477899,-75.16183989999999,"Italian restaurants, restaurants","Center City Philadelphia PA, Old City Philadelphia PA, Rittenhouse Philadelphia PA, University City Philadelphia PA"
ChIJ_8Tvm4XIxokRBA-RzDneztg,0x89c6c8859befc4ff:0xd8cede39cc910f04,Cuba Libre Restaurant & Rum Bar,4.3,3931.0,$20–70,Cuban restaurant,Cuban restaurant,"10 S 2nd St, Philadelphia, PA 19106",(215) 627-0666,https://cubalibrerestaurant.com/en/philadelphia,39.9496092,-75.1439376,restaurants,"Center City Philadelphia PA, Old City Philadelphia PA"
ChIJTWDZayTHxokReMNouSIghWM,0x89c6c7246bd9604d:0x63852022b968c378,Monster Vegan,4.7,1345.0,,Vegan restaurant,"Vegan restaurant, Bar, Caterer, Cocktail bar, Fusion restaurant, Health food restaurant, Italian restaurant, Pasta shop, Sandwich shop, Vegetarian restaurant","1229 Spruce St, Philadelphia, PA 19107",(215) 790-9494,https://themonstervegan.com/?utm_source=google,39.946833399999996,-75.1622221,"gluten free restaurants, vegan restaurants, vegetarian restaurants","Center City Philadelphia PA, Fishtown Philadelphia PA, Old City Philadelphia PA, Rittenhouse Philadelphia PA, South Philadelphia PA, University City Philadelphia PA"
ChIJq7hqXS_GxokRbm5ud0CYz2Q,0x89c6c62f5d6ab8ab:0x64cf9840776e6e6e,Charlie was a sinner.,4.5,1951.0,$20–80,Vegan restaurant,"Vegan restaurant, Bar, Cocktail bar, Small plates restaurant","131 S 13th St, Philadelphia, PA 19107",(267) 758-5372,http://charliewasasinner.com/,39.9495103,-75.1617716,"gluten free restaurants, vegan restaurants, vegetarian restaurants","Center City Philadelphia PA, Fishtown Philadelphia PA, Old City Philadelphia PA, Rittenhouse Philadelphia PA, South Philadelphia PA, University City Philadelphia PA"
ChIJNzo2khjJxokRRSYqIP0Pqko,0x89c6c91892363a37:0x4aaa0ffd202a2645,Fitz on 4th,4.8,625.0,$20–60,Vegan restaurant,"Vegan restaurant, Cocktail bar, Lounge bar","743 S 4th St, Philadelphia, PA 19147",(215) 315-8989,https://fitzon4th.com/,39.9390631,-75.1495946,"gluten free restaurants, vegan restaurants, vegetarian restaurants","Center City Philadelphia PA, Fishtown Philadelphia PA, Old City Philadelphia PA, Rittenhouse Philadelphia PA, South Philadelphia PA, University City Philadelphia PA"
ChIJdfu97iXGxokRm788hygMp1w,0x89c6c625eebdfb75:0x5ca70c28873cbf9b,Vedge,4.8,1778.0,$50–100,Vegan restaurant,"Vegan restaurant, Bar, Restaurant","1221 Locust St, Philadelphia, PA 19107",(215) 320-7500,http://www.vedgerestaurant.com/,39.9478911,-75.16138889999999,"gluten free restaurants, vegan restaurants, vegetarian restaurants","Center City Philadelphia PA, Old City Philadelphia PA, Rittenhouse Philadelphia PA, South Philadelphia PA, University City Philadelphia PA"
ChIJU7EN0vTJxokRmSuoPgt_idI,0x89c6c9f4d20db153:0xd2897f0b3ea82b99,Pietramala,4.7,313.0,$40–100,Vegan restaurant,Vegan restaurant,"614 N 2nd St, Philadelphia, PA 19123",(215) 970-9541,http://pietramalaphl.com/,39.9614354,-75.1414724,"vegan restaurants, vegetarian restaurants","Center City Philadelphia PA, Fishtown Philadelphia PA, Old City Philadelphia PA, Rittenhouse Philadelphia PA, South Philadelphia PA, University City Philadelphia PA"
ChIJC0K8mTDGxokRNJyjc12g9Do,0x89c6c63099bc420b:0x3af4a05d73a39c34,Bar Bombón,4.5,1763.0,$20–30,Vegan restaurant,"Vegan restaurant, Mexican restaurant, Latin American restaurant, Vegetarian restaurant","133 S 18th St, Philadelphia, PA 19103",(267) 606-6612,http://barbombon.com/,39.9506108,-75.1704494,"Mexican restaurants, gluten free restaurants, vegan restaurants, vegetarian restaurants","Center City Philadelphia PA, Rittenhouse Philadelphia PA, South Philadelphia PA, University City Philadelphia PA"
ChIJDXEQju3HxokRWkwa9ikjU6M,0x89c6c7ed8e10710d:0xa3532329f61a4c5a,Yellow Bicycle Canteen,4.9,265.0,$10–20,Vegetarian restaurant,Vegetarian restaurant,"930 Locust St, Philadelphia, PA 19107",(215) 515-3749,http://yellowbicyclecanteen.com/,39.9472224,-75.157279,"vegan restaurants, vegetarian restaurants","Center City Philadelphia PA, Old City Philadelphia PA, Rittenhouse Philadelphia PA, South Philadelphia PA"
ChIJb0CYXPnJxokRSjhH_IJl71w,0x89c6c9f95c98406f:0x5cef6582fc47384a,Lightbox Cafe,4.7,158.0,$10–20,Vegan restaurant,"Vegan restaurant, Cafe, Herbal medicine store, Organic restaurant, Vegetarian cafe and deli","704 S 4th St, Philadelphia, PA 19147",(267) 687-1649,http://www.lightboxphilly.com/,39.940420599999996,-75.1496878,"gluten free restaurants, vegan restaurants, vegetarian restaurants","Center City Philadelphia PA, Old City Philadelphia PA, Rittenhouse Philadelphia PA, South Philadelphia PA, University City Philadelphia PA"
ChIJ86_ZcgvGxokRxtycLTI_HXA,0x89c6c60b72d9aff3:0x701d3f322d9cdcc6,Miss Rachel's Pantry,4.9,226.0,$100+,Vegan restaurant,"Vegan restaurant, Kosher restaurant, Restaurant","1938 S Chadwick St, Philadelphia, PA 19145",(215) 821-8478,http://www.missrachelspantry.com/,39.926522,-75.1737663,"vegan restaurants, vegetarian restaurants","Center City Philadelphia PA, Old City Philadelphia PA, Rittenhouse Philadelphia PA, South Philadelphia PA, University City Philadelphia PA"
ChIJwZNfvTDGxokRc1aKWJNdKnE,0x89c6c630bd5f93c1:0x712a5d93588a5673,HipCityVeg,4.5,1119.0,$10–20,Vegan restaurant,"Vegan restaurant, Fast food restaurant, Health food restaurant, Kosher restaurant, Vegetarian restaurant","127 S 18th St, Philadelphia, PA 19103",(215) 278-7605,https://hipcityveg.com/philadelphia/,39.9507609,-75.1703976,"gluten free restaurants, vegan restaurants, vegetarian restaurants","Center City Philadelphia PA, Rittenhouse Philadelphia PA, South Philadelphia PA, University City Philadelphia PA"
ChIJH5RhK9vHxokR8O8EEWtCRYo,0x89c6c7db2b61941f:0x8a45426b1104eff0,Kiddo,4.7,278.0,$30–70,New American restaurant,"New American restaurant, Restaurant","1138 Pine St, Philadelphia, PA 19107",(215) 398-3377,https://kiddorestaurant.com/,39.944924199999996,-75.16123379999999,"gluten free restaurants, vegan restaurants, vegetarian restaurants","Center City Philadelphia PA, Old City Philadelphia PA"
ChIJuVTXmGTIxokRtq0AVdWKF0k,0x89c6c86498d754b9:0x49178ad55500adb6,Joy Cafe,4.5,456.0,$10–20,Vegan restaurant,Vegan restaurant,"630 N 2nd St, Philadelphia, PA 19123",(215) 922-1003,http://www.myjoycafe.com/,39.961759,-75.141334,"vegan restaurants, vegetarian restaurants","Center City Philadelphia PA, Fishtown Philadelphia PA, Old City Philadelphia PA"
ChIJjUm0GjDGxokRohcjlFpPKvc,0x89c6c6301ab4498d:0xf72a4f5a942317a2,Goldie,4.6,1029.0,$10–20,Vegan restaurant,"Vegan restaurant, Israeli restaurant, Kosher restaurant, Falafel restaurant","1911 Sansom St, Philadelphia, PA 19102",(267) 239-0777,http://goldiefalafel.com/,39.9512236,-75.1725538,"vegan restaurants, vegetarian restaurants","Center City Philadelphia PA, Rittenhouse Philadelphia PA"
ChIJe5mUTprHxokRxTaAF_FIwKw,0x89c6c79a4e94997b:0xacc048f1178036c5,LUHV VEGAN DELI,4.6,419.0,$10–20,Vegan restaurant,Vegan restaurant,"51 N 12th St, Philadelphia, PA 19107",(267) 758-5779,https://deli.luhvfood.com/,39.9534295,-75.15919099999999,"vegan restaurants, vegetarian restaurants","Center City Philadelphia PA, Old City Philadelphia PA, Rittenhouse Philadelphia PA, South Philadelphia PA, University City Philadelphia PA"
ChIJ-17R8OfHxokRDL1frSKBAb4,0x89c6c7e7f0d15efb:0xbe018122ad5fbd0c,Unit Su Vege 素舍,4.7,789.0,$10–20,Vegetarian restaurant,"Vegetarian restaurant, Chinese restaurant, Restaurant","2000 Hamilton St #106, Philadelphia, PA 19130",(215) 988-1888,http://www.unitsuvege.com/,39.962287499999995,-75.1724119,"vegan restaurants, vegetarian restaurants","Center City Philadelphia PA, Rittenhouse Philadelphia PA, University City Philadelphia PA"
ChIJ9Xd1ZQnpxokRiuaXoaGG0pg,0x89c6e909657577f5:0x98d286a1a197e68a,Batter & Crumbs Vegan Bakery and Cafe,4.9,1139.0,$10–20,Vegan restaurant,"Vegan restaurant, Bakery, Cafe, Caterer, Coffee shop, Wedding bakery","1401 Reed St, Philadelphia, PA 19146",(267) 319-8852,http://www.batterandcrumbs.com/,39.933218,-75.168802,"gluten free restaurants, vegan restaurants, vegetarian restaurants","Center City Philadelphia PA, Rittenhouse Philadelphia PA, South Philadelphia PA, University City Philadelphia PA"
ChIJ30crYenHxokRQkYVmLA1W9g,0x89c6c7e9612b47df:0xd85b35b098154642,Luhv Vegan Bistro,4.8,129.0,$10–20,Vegan restaurant,Vegan restaurant,"1131 S 19th St, Philadelphia, PA 19146",(215) 608-1081,https://www.luhvfood.com/,39.9377439,-75.174798,"gluten free restaurants, vegan restaurants, vegetarian restaurants","Center City Philadelphia PA, Rittenhouse Philadelphia PA, South Philadelphia PA, University City Philadelphia PA"
ChIJi99lRRrGxokRL9PTE3F_A3g,0x89c6c61a4565df8b:0x78037f7113d3d32f,The Tasty,4.6,780.0,$10–20,Vegan restaurant,"Vegan restaurant, Cafe","1401 S 12th St, Philadelphia, PA 19147",(267) 457-5670,http://www.thetastyphilly.com/,39.9323742,-75.16403009999999,"vegan restaurants, vegetarian restaurants","Center City Philadelphia PA, Rittenhouse Philadelphia PA, South Philadelphia PA, University City Philadelphia PA"
ChIJO5A33ijGxokRucuIqmJ-Ti0,0x89c6c628de37903b:0x2d4e7e62aa88cbb9,Naked Lunch,4.3,201.0,$10–20,Vegan restaurant,"Vegan restaurant, Juice shop, Restaurant, Organic restaurant, Vegetarian restaurant","34 S 11th St, Philadelphia, PA 19107",(215) 709-0022,https://momsorganicmarket.com/nakedlunch/,39.950787399999996,-75.1586421,vegan restaurants,Center City Philadelphia PA
ChIJ9f8_GjTGxokRajjkD00E80Y,0x89c6c6341a3ffff5:0x46f3044d0fe4386a,Harper's Garden,4.1,1356.0,$20–30,Restaurant,Restaurant,"31 S 18th St, Philadelphia, PA 19103",(267) 886-8552,http://harpersgardenphilly.com/,39.952383999999995,-75.1698569,"gluten free restaurants, vegetarian restaurants","Center City Philadelphia PA, Rittenhouse Philadelphia PA"
ChIJ6cNwac7JxokRc_0NOksmQnY,0x89c6c9ce6970c3e9:0x7642264b3a0dfd73,Nourish,4.5,722.0,$10–20,Restaurant,Restaurant,"177 W Girard Ave, Philadelphia, PA 19123",(267) 761-9242,https://letsgetnourished.com/,39.969612,-75.13887,"vegan restaurants, vegetarian restaurants","Center City Philadelphia PA, Fishtown Philadelphia PA, Old City Philadelphia PA"
ChIJscL6ITfGxokRfShboV-CLIY,0x89c6c63721fac2b1:0x862c825fa15b287d,Mama's Vegetarian Falafel,4.7,709.0,$10–20,Vegetarian restaurant,"Vegetarian restaurant, Falafel restaurant, Kosher restaurant, Mediterranean restaurant, Middle Eastern restaurant, Vegan restaurant","18 S 20th St, Philadelphia, PA 19103",(215) 751-0477,https://mamasfalafels.com/,39.952695999999996,-75.1734857,"vegan restaurants, vegetarian restaurants","Center City Philadelphia PA, Rittenhouse Philadelphia PA"
ChIJ6SuyUYrHxokR-4BpMK0WIiM,0x89c6c78a51b22be9:0x232216ad306980fb,Osteria Ama Philly,4.8,3106.0,$20–40,Italian restaurant,Italian restaurant,"1905 Chestnut St, Philadelphia, PA 19103",(484) 355-4133,http://osteriaama-philly.com/,39.9520555,-75.1721628,"Italian restaurants, gluten free restaurants, restaurants","Center City Philadelphia PA, Old City Philadelphia PA, Rittenhouse Philadelphia PA, South Philadelphia PA, University City Philadelphia PA"
ChIJefqHgEfGxokR2yiX5q2ggWw,0x89c6c6478087fa79:0x6c81a0ade69728db,Trattoria Carina,4.5,633.0,$30–40,Italian restaurant,"Italian restaurant, Restaurant","2201 Spruce St, Philadelphia, PA 19103",(215) 732-5818,http://trattoriacarina.com/,39.9487178,-75.1779629,Italian restaurants,"Center City Philadelphia PA, Old City Philadelphia PA, Rittenhouse Philadelphia PA, University City Philadelphia PA"
ChIJS5m6X-fJxokRLklMwIFLzls,0x89c6c9e75fba994b:0x5bce4b81c04c492e,Olea,4.8,406.0,$30–70,Restaurant,Restaurant,"232 Arch St, Philadelphia, PA 19106",(267) 519-8315,http://oleaphilly.com/,39.9519494,-75.1443869,"Italian restaurants, gluten free restaurants, restaurants, vegetarian restaurants","Center City Philadelphia PA, Old City Philadelphia PA"
ChIJY8A3VSTGxokRQBRpttIUSRU,0x89c6c6245537c063:0x154914d2b6691440,Vetri Cucina,4.8,856.0,$100+,Italian restaurant,"Italian restaurant, Fine dining restaurant","1312 Spruce St, Philadelphia, PA 19107",(215) 732-3478,http://www.vetricucina.com/,39.9467259,-75.16317719999999,Italian restaurants,"Center City Philadelphia PA, Rittenhouse Philadelphia PA, University City Philadelphia PA"
ChIJX6c5BajHxokRW4G0y0ZU4q4,0x89c6c7a80539a75f:0xaee25446cbb4815b,Via Locusta,4.5,792.0,$40–80,Italian restaurant,Italian restaurant,"1723 Locust St, Philadelphia, PA 19103",(215) 642-0020,https://vialocusta.com/,39.9490546,-75.1703084,"Italian restaurants, gluten free restaurants, restaurants","Center City Philadelphia PA, Rittenhouse Philadelphia PA, University City Philadelphia PA"
ChIJbYZ7rkTHxokRfhIPW-VgDb4,0x89c6c744ae7b866d:0xbe0d60e55b0f127e,Giuseppe & Sons,4.4,1389.0,$30–80,Italian restaurant,Italian restaurant,"1523 Sansom St, Philadelphia, PA 19102",(215) 399-9199,https://giuseppesons.com/,39.9504997,-75.1666931,Italian restaurants,"Center City Philadelphia PA, Rittenhouse Philadelphia PA, University City Philadelphia PA"
ChIJ20RtkiTGxokRhppVZdYzvq0,0x89c6c624926d44db:0xadbe33d665559a86,Giorgio On Pine,4.6,1625.0,$20–30,Italian restaurant,"Italian restaurant, Restaurant","1328 Pine St, Philadelphia, PA 19107",(215) 545-6265,https://www.giorgio-on-pine.com/,39.9453284,-75.1640891,"Italian restaurants, gluten free restaurants","Center City Philadelphia PA, Old City Philadelphia PA, Rittenhouse Philadelphia PA, South Philadelphia PA, University City Philadelphia PA"
ChIJVeUMlCHGxokRdP2paCKlYn8,0x89c6c621940ce555:0x7f62a52268a9fd74,Dante & Luigi's,4.7,1145.0,$30–80,Italian restaurant,"Italian restaurant, Restaurant","762 S 10th St, Philadelphia, PA 19147",(215) 922-9501,http://www.danteandluigis.com/,39.9400781,-75.15946269999999,"Italian restaurants, restaurants","Center City Philadelphia PA, Old City Philadelphia PA, Rittenhouse Philadelphia PA, South Philadelphia PA, University City Philadelphia PA"
ChIJJVpz9DDGxokRt3_x8-dzlsA,0x89c6c630f4735a25:0xc09673e7f3f17fb7,Gran Caffe L'Aquila,4.6,3450.0,$10–50,Italian restaurant,"Italian restaurant, Coffee shop, Coffee store, Gourmet grocery store, Ice cream shop, Italian grocery store, Restaurant","1716 Chestnut St, Philadelphia, PA 19103",(215) 568-5600,https://grancaffelaquila.com/,39.951438499999995,-75.1694882,Italian restaurants,"Center City Philadelphia PA, Rittenhouse Philadelphia PA, University City Philadelphia PA"
ChIJIVGRTSnGxokR6t2cdmm0TJ0,0x89c6c6294d915121:0x9d4cb469769cddea,Maggiano's Little Italy,4.4,5068.0,$20–60,Italian restaurant,"Italian restaurant, Bar, Caterer, Event venue, Family restaurant, Lunch restaurant, Takeout Restaurant, Restaurant, Wine bar","1201 Filbert St, Philadelphia, PA 19107",(215) 567-2020,https://www.maggianos.com/locations/pennsylvania/philadelphia/1201-filbert-st.?utm_source=google&utm_medium=organic&utm_campaign=Maggianos,39.953204199999995,-75.1602278,"Italian restaurants, gluten free restaurants","Center City Philadelphia PA, University City Philadelphia PA"
ChIJNwgubxLHxokREhCMYfwrK5g,0x89c6c7126f2e0837:0x982b2bfc618c1012,Alice,4.7,218.0,$50–100,American restaurant,American restaurant,"901 Christian St, Philadelphia, PA 19147",(215) 798-6766,https://www.alicephiladelphia.com/,39.939152299999996,-75.1579221,Italian restaurants,"Center City Philadelphia PA, South Philadelphia PA"
ChIJUTl4lzrGxokR3KimknnGwp8,0x89c6c63a97783951:0x9fc2c67992a6a8dc,Bellini,4.5,806.0,$30–60,Italian restaurant,"Italian restaurant, Fine dining restaurant","220 S 16th St, Philadelphia, PA 19102",(215) 545-1191,https://belliniphiladelphia.com/,39.9490264,-75.1677759,"Italian restaurants, gluten free restaurants","Center City Philadelphia PA, Rittenhouse Philadelphia PA, University City Philadelphia PA"
ChIJ6aMgegDJxokRnrnZwnFhxs0,0x89c6c9007a20a3e9:0xcdc66171c2d9b99e,IL GUSTO,5.0,50.0,$20–30,Italian restaurant,"Italian restaurant, Family restaurant","114 Chestnut St, Philadelphia, PA 19106",(215) 518-9092,https://ilgustotavola.com/,39.9482084,-75.14315839999999,"Italian restaurants, gluten free restaurants, restaurants","Center City Philadelphia PA, Old City Philadelphia PA"
ChIJq6pFv0fGxokR2lNwZLzH4Es,0x89c6c647bf45aaab:0x4be0c7bc647053da,Ambrosia Ristorante,4.5,866.0,$30–70,Italian restaurant,Italian restaurant,"231 S 24th St, Philadelphia, PA 19103",(215) 703-2010,https://www.ambrosiaphilly.com/,39.9499904,-75.1796342,Italian restaurants,"Center City Philadelphia PA, Rittenhouse Philadelphia PA"
ChIJZUvdSdHHxokRQ7KBGh-BHr0,0x89c6c7d149dd4b65:0xbd1e811f1a81b243,Osteria,4.5,1514.0,$50–100,Italian restaurant,"Italian restaurant, Restaurant","640 N Broad St, Philadelphia, PA 19130",(215) 763-0920,https://www.osteriaphilly.com/,39.9650099,-75.161102,Italian restaurants,Center City Philadelphia PA
ChIJ6ZizgI_IxokRMfvmuRIZVKY,0x89c6c88f80b398e9:0xa6541912b9e6fb31,Spasso Italian Grill,4.5,1448.0,$20–50,Italian restaurant,"Italian restaurant, Bar, Restaurant","34 S Front St, Philadelphia, PA 19106",(215) 592-7661,http://www.spassoitaliangrill.com/,39.948706,-75.142687,"Italian restaurants, gluten free restaurants, restaurants","Center City Philadelphia PA, Old City Philadelphia PA"
ChIJG2axyiXGxokRxc97W_zV1k8,0x89c6c625cab1661b:0x4fd6d5fc5b7bcfc5,Mercato,4.4,498.0,,Italian restaurant,"Italian restaurant, Caterer, Pasta shop, Seafood restaurant, Vegetarian restaurant","1216 Spruce St, Philadelphia, PA 19107",(215) 985-2962,https://mercatobyob.com/?utm_source=google,39.9465088,-75.16176639999999,Italian restaurants,Center City Philadelphia PA
ChIJsduoUjrGxokR0c5eqm_63ZM,0x89c6c63a52a8dbb1:0x93ddfa6faa5eced1,La Fontana Della Citta,3.8,670.0,$30–60,Italian restaurant,"Italian restaurant, Restaurant","1701 Spruce St, Philadelphia, PA 19103",(215) 875-9990,https://www.lafontanaphl.com/,39.9477103,-75.1697075,Italian restaurants,Center City Philadelphia PA
ChIJUwU6IZrIxokRgX-V0_Y0eRM,0x89c6c89a213a0553:0x137934f6d3957f81,Bistro Romano,4.6,1100.0,$100+,Italian restaurant,"Italian restaurant, Restaurant","120 Lombard St, Philadelphia, PA 19147",(215) 925-8880,http://www.bistroromano.com/,39.9419429,-75.1446869,Italian restaurants,"Center City Philadelphia PA, Old City Philadelphia PA"
ChIJSRNbzTrGxokRfubGXouxdxE,0x89c6c63acd5b1349:0x1177b18b5ec6e67e,Jose Pistola's,4.4,1180.0,$20–30,Mexican restaurant,"Mexican restaurant, Bar, Brunch restaurant","263 S 15th St, Philadelphia, PA 19102",(215) 545-4101,https://www.pistolaslife.com/,39.9476863,-75.1662303,Mexican restaurants,"Center City Philadelphia PA, Old City Philadelphia PA, Rittenhouse Philadelphia PA"
ChIJS0l86zrGxokRSmp9b6VRJT8,0x89c6c63aeb7c494b:0x3f2551a56f7d6a4a,Tequilas Casa Mexicana,4.6,1119.0,$30–90,Mexican restaurant,"Mexican restaurant, Bar, Latin American restaurant, Restaurant","1602 Locust St, Philadelphia, PA 19103",(215) 546-0181,http://www.tequilasphilly.com/,39.948487,-75.16805099999999,Mexican restaurants,"Center City Philadelphia PA, Rittenhouse Philadelphia PA, South Philadelphia PA, University City Philadelphia PA"
ChIJ5-m_ETfGxokRlOaR-SV4jUU,0x89c6c63711bfe9e7:0x458d7825f991e694,El Rey,4.3,1791.0,$20–30,Mexican restaurant,"Mexican restaurant, Bar, Breakfast restaurant, Latin American restaurant, Lounge bar, Lunch restaurant, Takeout Restaurant, Restaurant, Spanish restaurant, Taco restaurant","2013 Chestnut St, Philadelphia, PA 19103",(215) 563-3330,http://elreyrestaurant.com/?utm_source=GoogleBusinessProfile&utm_medium=Website&utm_campaign=MapLabs,39.9522506,-75.1740289,Mexican restaurants,"Center City Philadelphia PA, Rittenhouse Philadelphia PA, University City Philadelphia PA"
ChIJ2-hAJbrJxokRFe2kShlcR4E,0x89c6c9ba2540e8db:0x81475c194aa4ed15,Don Barriga Bar & Grill,4.6,141.0,$20–30,Mexican restaurant,Mexican restaurant,"703 Chestnut St, Philadelphia, PA 19106",(267) 876-7101,https://www.donbarriga.com/,39.9495419,-75.15251529999999,Mexican restaurants,"Center City Philadelphia PA, Old City Philadelphia PA"
ChIJL7KgHDDGxokRHpPNs28xCfY,0x89c6c6301ca0b22f:0xf609316fb3cd931e,Mission Taqueria,4.5,1654.0,$20–30,Mexican restaurant,Mexican restaurant,"Above Oyster House, 1516 Sansom St 2nd Floor, Philadelphia, PA 19102",(215) 383-1200,http://www.missiontaqueria.com/,39.9502216,-75.1665529,Mexican restaurants,"Center City Philadelphia PA, Old City Philadelphia PA, Rittenhouse Philadelphia PA, University City Philadelphia PA"
ChIJe8zkbx_GxokRlhzi-rii3NY,0x89c6c61f6fe4cc7b:0xd6dca2b8fae21c96,Blue Corn Restaurant and Bar,4.6,1031.0,$20–60,Mexican restaurant,"Mexican restaurant, Bar","940 S 9th St, Philadelphia, PA 19147",(215) 925-1010,https://www.bluecornmexphilly.com/,39.9378074,-75.15821009999999,Mexican restaurants,"Center City Philadelphia PA, Old City Philadelphia PA, Rittenhouse Philadelphia PA, South Philadelphia PA, University City Philadelphia PA"
ChIJWbriqxnJxokRAj8O1W4BIlA,0x89c6c919abe2ba59:0x5022016ed50e3f02,LMNO,4.4,1279.0,$20–60,Mexican restaurant,"Mexican restaurant, Bar, Brunch restaurant, Burrito restaurant, Cocktail bar, Latin American restaurant, Lounge bar, Restaurant, Seafood restaurant, Taco restaurant","1739-1749 N Front St, Philadelphia, PA 19122",(215) 770-7001,https://lmnophilly.com/?utm_source=GoogleBusinessProfile&utm_medium=Website&utm_campaign=MapLabs,39.9761483,-75.13392859999999,"Mexican restaurants, gluten free restaurants, restaurants, vegan restaurants, vegetarian restaurants","Center City Philadelphia PA, Fishtown Philadelphia PA"
ChIJGSDY_f3HxokRxs5CbtTl2Oo,0x89c6c7fdfdd82019:0xead8e5d46e42cec6,Condesa,4.4,558.0,$20–60,Mexican restaurant,Mexican restaurant,"1830 Ludlow St, Philadelphia, PA 19103",(267) 930-5600,https://www.condesaphilly.com/,39.9524574,-75.1713256,Mexican restaurants,"Center City Philadelphia PA, Rittenhouse Philadelphia PA, University City Philadelphia PA"
ChIJK1_mdaHHxokR-tGjN42xnWs,0x89c6c7a175e65f2b:0x6b9db18d37a3d1fa,Palenque Restaurante,4.7,173.0,$10–20,Mexican restaurant,Mexican restaurant,"908 Washington Ave, Philadelphia, PA 19147",(215) 201-3526,https://www.palenquephilly.com/,39.93633,-75.1589371,Mexican restaurants,"Center City Philadelphia PA, Rittenhouse Philadelphia PA, South Philadelphia PA, University City Philadelphia PA"
ChIJCYJem5nIxokRq1KtJCHD-FI,0x89c6c8999b5e8209:0x52f8c32124ad52ab,Las Bugambilias,4.4,831.0,$20–50,Mexican restaurant,Mexican restaurant,"15 S 3rd St, Philadelphia, PA 19106",(267) 239-5673,https://www.lasbugambiliasphilly.com/,39.949691699999995,-75.1454627,Mexican restaurants,"Center City Philadelphia PA, Old City Philadelphia PA"
ChIJVRZEsEvJxokRwBYk3mZtwds,0x89c6c94bb0441655:0xdbc16d66de2416c0,Tacobee's,4.8,1569.0,$10–20,Mexican restaurant,"Mexican restaurant, Burrito restaurant, Halal restaurant, Taco restaurant, Tex-Mex restaurant","236 Market St, Philadelphia, PA 19106",(267) 214-3988,https://www.tacobees.com/locations/philadelphia,39.9499347,-75.1451354,"Mexican restaurants, restaurants, vegetarian restaurants","Center City Philadelphia PA, Old City Philadelphia PA"
ChIJ-R0cnvHHxokRxirsTXPuhnk,0x89c6c7f19e1c1df9:0x7986ee734dec2ac6,MI VIDA,4.8,1467.0,,Mexican restaurant,Mexican restaurant,"1150 Ludlow St, Philadelphia, PA 19107",(445) 447-3097,http://www.mividamexico.com/,39.9509702,-75.1594171,Mexican restaurants,"Center City Philadelphia PA, Rittenhouse Philadelphia PA"
ChIJJbxrcIXHxokR03myHAZCFR0,0x89c6c785706bbc25:0x1d1542061cb279d3,Holy Guacamoly,4.8,1901.0,$10–20,Mexican restaurant,Mexican restaurant,"1722 Sansom St, Philadelphia, PA 19103",(215) 375-9900,http://holyguacamolyphilly.com/,39.9507317,-75.1696958,Mexican restaurants,"Center City Philadelphia PA, Rittenhouse Philadelphia PA"
ChIJeeFtbK3JxokRApv8DsyqJj8,0x89c6c9ad6c6de179:0x3f26aacc0efc9b02,Alma De Mexico,4.9,131.0,$10–20,Mexican restaurant,Mexican restaurant,"124 Lombard St, Philadelphia, PA 19147",(835) 259-6210,https://almademexico.us/,39.9419732,-75.1448595,Mexican restaurants,"Center City Philadelphia PA, Old City Philadelphia PA, South Philadelphia PA"
ChIJZ2x33S7JxokRfLligNp7ji0,0x89c6c92edd776c67:0x2d8e7bda8062b97c,El Fuerte de Loreto Philly,4.9,498.0,$20–30,Mexican restaurant,"Mexican restaurant, Brunch restaurant, Fusion restaurant, Italian restaurant, Lunch restaurant","1412 S 5th St, Philadelphia, PA 19147",(445) 285-1214,http://www.elfuertedeloretophilly.com/,39.9306716,-75.1533968,Mexican restaurants,"Center City Philadelphia PA, Old City Philadelphia PA, Rittenhouse Philadelphia PA, South Philadelphia PA, University City Philadelphia PA"
ChIJF6edwzrHxokREqiy4zUGqB0,0x89c6c73ac39da717:0x1da80635e3b2a812,El Mictlan Restaurant,4.9,232.0,$20–50,Mexican restaurant,"Mexican restaurant, Restaurant","2053 S Beechwood St, Philadelphia, PA 19145",(267) 876-7012,https://elmictlanrestaurantpa.com/,39.9260768,-75.1820523,Mexican restaurants,"Center City Philadelphia PA, South Philadelphia PA, University City Philadelphia PA"
ChIJSy96PBnHxokREWSN6tP7BWo,0x89c6c7193c7a2f4b:0x6a05fbd3ea8d6411,El Mezcal Cantina,4.8,352.0,$20–50,Mexican restaurant,"Mexican restaurant, Bar","1260 Point Breeze Ave, Philadelphia, PA 19146",(267) 534-5933,http://elmezcalcantina.us/,39.9357117,-75.17865019999999,Mexican restaurants,"Center City Philadelphia PA, Rittenhouse Philadelphia PA, South Philadelphia PA, University City Philadelphia PA"
ChIJ855YIFnHxokRNfER2Ira_FQ,0x89c6c75920589ef3:0x54fcda8ad811f135,Don Barriga,4.6,550.0,$20–30,Mexican restaurant,Mexican restaurant,"4443 Spruce St, Philadelphia, PA 19104",(267) 292-5741,https://www.donbarriga.com/,39.9529874,-75.2120084,Mexican restaurants,"Center City Philadelphia PA, University City Philadelphia PA"
ChIJCQ3HDWXIxokRiUohpPBJds0,0x89c6c8650dc70d09:0xcd7649f0a4214a89,Cantina Dos Segundos,4.3,1272.0,$10–50,Mexican restaurant,"Mexican restaurant, Bar, Brunch restaurant, Latin American restaurant, Restaurant","931 N 2nd St, Philadelphia, PA 19123",(215) 629-0500,http://www.cantinadossegundos.com/,39.964826599999995,-75.1404,Mexican restaurants,"Center City Philadelphia PA, Fishtown Philadelphia PA, Old City Philadelphia PA"
ChIJz2oWYcXJxokRDzwabpnXL6s,0x89c6c9c561166acf:0xab2fd7996e1a3c0f,Masala Fusion Indian Restaurant,4.9,210.0,,Indian restaurant,"Indian restaurant, Asian fusion restaurant, North Indian restaurant","14 N 3rd St, Philadelphia, PA 19106",(267) 951-7745,https://masalafusionpa.com/?utm_source=google,39.950665799999996,-75.14575839999999,"Indian restaurants, vegan restaurants, vegetarian restaurants","Center City Philadelphia PA, Fishtown Philadelphia PA, Old City Philadelphia PA, Rittenhouse Philadelphia PA, South Philadelphia PA, University City Philadelphia PA"
ChIJFweiSFfHxokR48LhMjKCrDo,0x89c6c75748a20717:0x3aac823232e1c2e3,Thanal Indian Tavern,4.7,2586.0,$20–30,Indian restaurant,"Indian restaurant, Bar & grill, Family restaurant, Fusion restaurant, Indian takeaway, Delivery Restaurant, Takeout Restaurant, South Indian restaurant","1939 Arch St, Philadelphia, PA 19103",(215) 515-2511,https://www.thanalphilly.com/,39.955872,-75.1725276,Indian restaurants,"Center City Philadelphia PA, Fishtown Philadelphia PA, Old City Philadelphia PA, Rittenhouse Philadelphia PA, South Philadelphia PA, University City Philadelphia PA"
ChIJAd1hzG7HxokRGITE8KxkQek,0x89c6c76ecc61dd01:0xe94164acf0c48418,Turmeric Indian Kitchen,4.8,293.0,,Indian restaurant,"Indian restaurant, Asian fusion restaurant, Biryani restaurant, Family restaurant, Hyderabadi restaurant, Indian takeaway, Modern Indian restaurant, South Indian restaurant, Vegetarian restaurant","1240 Spring Garden St, Philadelphia, PA 19123",(215) 933-0430,https://turmericphilly.com/?utm_source=google,39.9617952,-75.1592186,Indian restaurants,"Center City Philadelphia PA, Fishtown Philadelphia PA, Old City Philadelphia PA, Rittenhouse Philadelphia PA, South Philadelphia PA, University City Philadelphia PA"
ChIJtd5CODfGxokR2ud4d5oJZik,0x89c6c6373842deb5:0x2966099a7778e7da,Veda - Modern Indian Bistro,4.3,1777.0,$20–30,Indian restaurant,"Indian restaurant, Bar, Caterer, Cocktail bar, Indian Muslim restaurant, Restaurant","1920 Chestnut St, Philadelphia, PA 19103",(267) 519-2001,https://www.vedaphilly.com/?utm_source=GMB&utm_medium=GMB&utm_campaign=GMB&utm_term=veda+modern+indian+bistro,39.951935,-75.17285009999999,Indian restaurants,"Center City Philadelphia PA, Old City Philadelphia PA, Rittenhouse Philadelphia PA, South Philadelphia PA, University City Philadelphia PA"
ChIJzYUQH_7JxokR9OPkmy3Xrzo,0x89c6c9fe1f1085cd:0x3aafd72d9be4e3f4,New Indian Sizzler,4.8,312.0,$10–20,Indian restaurant,Indian restaurant,"939 Spring Garden St, Philadelphia, PA 19123",(267) 951-2126,https://www.newindiansizzler.com/,39.961909999999996,-75.15430099999999,Indian restaurants,"Center City Philadelphia PA, Fishtown Philadelphia PA, Old City Philadelphia PA, Rittenhouse Philadelphia PA, South Philadelphia PA"
ChIJxyLDQXzHxokRPaRo29eCZqY,0x89c6c77c41c322c7:0xa66682d7db68a43d,Amma's South Indian Cuisine ( BAR & GRILL),4.2,2543.0,$20–30,South Indian restaurant,"South Indian restaurant, Biryani restaurant, Caterer, Family restaurant, Indian restaurant, Vegetarian restaurant","1500 Walnut St, Philadelphia, PA 19102",(808) 762-6627,https://ammasrestaurants.com/philadelphia/,39.948994899999995,-75.1663033,Indian restaurants,"Center City Philadelphia PA, Old City Philadelphia PA, Rittenhouse Philadelphia PA, South Philadelphia PA"
ChIJi_1m3g3HxokRTcC3RSSBodU,0x89c6c70dde66fd8b:0xd5a1812445b7c04d,Masala Kitchen : Kati Rolls & Platters,4.8,172.0,$10–20,Indian restaurant,Indian restaurant,"3404 Sansom St, Philadelphia, PA 19104",(267) 969-3576,https://www.masalakitchen.com/,39.953510099999995,-75.1924985,"Indian restaurants, vegan restaurants, vegetarian restaurants","Center City Philadelphia PA, Old City Philadelphia PA, Rittenhouse Philadelphia PA, South Philadelphia PA, University City Philadelphia PA"
ChIJ4a1CaJnIxokR0uDLBf26NEY,0x89c6c8996842ade1:0x4634bafd05cbe0d2,Raindrops Indian cuisine,4.6,661.0,$20–30,Indian restaurant,"Indian restaurant, Caterer, Fine dining restaurant, Gluten-free restaurant, Halal restaurant, Vegetarian restaurant","236-238 South St, Philadelphia, PA 19147",(215) 925-3881,http://www.lovashrestaurant.com/,39.9412437,-75.14707059999999,Indian restaurants,"Center City Philadelphia PA, Old City Philadelphia PA, Rittenhouse Philadelphia PA, South Philadelphia PA"
ChIJl3CsrHTJxokR9QBNskmH9Js,0x89c6c974acac7097:0x9bf48749b24d00f5,Saffron Indian Kitchen,4.7,227.0,,Indian restaurant,"Indian restaurant, Biryani restaurant, Caterer, Halal restaurant, South Indian restaurant, Vegetarian restaurant","423 W Girard Ave, Philadelphia, PA 19123",(585) 542-7588,https://saffronofphilly.com/philadelphia?utm_source=google,39.9703273,-75.1441043,"Indian restaurants, vegan restaurants, vegetarian restaurants","Center City Philadelphia PA, Fishtown Philadelphia PA, Old City Philadelphia PA, Rittenhouse Philadelphia PA, South Philadelphia PA"
ChIJS9bPUC_GxokRsN0D_fu7vfQ,0x89c6c62f50cfd64b:0xf4bdbbfbfd03ddb0,Masala kitchen : Kati rolls and Platters,4.4,1386.0,$10–20,Indian restaurant,"Indian restaurant, Fast food restaurant","1115 Walnut St, Philadelphia, PA 19107",(215) 309-3301,http://www.masalakitchen.com/,39.9488841,-75.1597781,Indian restaurants,"Center City Philadelphia PA, Old City Philadelphia PA, Rittenhouse Philadelphia PA"
ChIJO8ZUVPLHxokRCtOPQOstLi4,0x89c6c7f25454c63b:0x2e2e2deb408fd30a,CURRY LEAF NEPALI & INDIAN CUISINE,4.7,162.0,$20–30,Indian restaurant,"Indian restaurant, Restaurant, Nepalese restaurant","2046 Sansom St, Philadelphia, PA 19103",(267) 541-2063,https://curryleafphiladelphia.com/,39.951364399999996,-75.1750697,Indian restaurants,"Center City Philadelphia PA, Old City Philadelphia PA, Rittenhouse Philadelphia PA, University City Philadelphia PA"
ChIJKeRmCKrHxokRJ0ec_hrM6AM,0x89c6c7aa0866e429:0x3e8cc1afe9c4727,Indian Char House,4.6,326.0,$20–30,Indian restaurant,"Indian restaurant, Grill, Halal restaurant","4612 Woodland Ave 1st Floor, Philadelphia, PA 19143",(215) 303-9453,http://www.indiancharhouse.com/,39.9439663,-75.2099112,Indian restaurants,"Center City Philadelphia PA, Old City Philadelphia PA, Rittenhouse Philadelphia PA, South Philadelphia PA, University City Philadelphia PA"
ChIJ30cL5h7HxokRtDKoetqvN1I,0x89c6c71ee60b47df:0x5237afda7aa832b4,Virasat Haveli,4.5,912.0,$20–30,Indian restaurant,"Indian restaurant, Halal restaurant","4051 Market St, Philadelphia, PA 19104",(215) 921-4553,https://havelivirasat.com/,39.9576324,-75.20379539999999,Indian restaurants,"Center City Philadelphia PA, Old City Philadelphia PA, South Philadelphia PA, University City Philadelphia PA"
ChIJS83QJXvHxokR0kWNDSEl0vM,0x89c6c77b25d0cd4b:0xf3d225210d8d45d2,Masala Kitchen: Kati Rolls & Platters,4.2,366.0,$10–20,Indian restaurant,Indian restaurant,"2004 Chestnut St, Philadelphia, PA 19103",(267) 639-9405,http://www.masalakitchen.com/,39.9519176,-75.17379369999999,Indian restaurants,"Center City Philadelphia PA, Rittenhouse Philadelphia PA, University City Philadelphia PA"
ChIJ7eyzHADHxokRIcVwi8lT2eU,0x89c6c7001cb3eced:0xe5d953c98b70c521,Tiffin Indian Cuisine Fairmount,4.8,351.0,$20–30,Indian restaurant,Indian restaurant,"1921 Fairmount Ave, Philadelphia, PA 19130",(215) 337-3381,http://www.tiffin.com/,39.9675283,-75.1694167,Indian restaurants,"Center City Philadelphia PA, Fishtown Philadelphia PA, Old City Philadelphia PA, Rittenhouse Philadelphia PA, University City Philadelphia PA"
ChIJdVHNtSLHxokRLlzgdEteIQ4,0x89c6c722b5cd5175:0xe215e4b74e05c2e,spicy masala kitchen,4.5,310.0,$10–20,Indian restaurant,Indian restaurant,"1601 Parrish St, Philadelphia, PA 19130",(267) 324-5160,https://spicymasalakitchen.menufy.com/,39.969546699999995,-75.16333209999999,Indian restaurants,"Center City Philadelphia PA, Fishtown Philadelphia PA, Old City Philadelphia PA, Rittenhouse Philadelphia PA, University City Philadelphia PA"
ChIJFQC2aDzGxokRx52TXSUgQXw,0x89c6c63c68b60015:0x7c4120255d939dc7,Indian Restaurant,4.4,576.0,,Indian restaurant,"Indian restaurant, Biryani restaurant, Caterer, Indian takeaway, Salad shop, Vegan restaurant, Vegetarian restaurant","1634 South St, Philadelphia, PA 19146",(215) 964-9451,https://www.philadelphiaindianrestaurant.com/,39.9441361,-75.1699466,Indian restaurants,"Center City Philadelphia PA, Rittenhouse Philadelphia PA, South Philadelphia PA"
ChIJj_kJQLLHxokR4AWaU-ojzCY,0x89c6c7b24009f98f:0x26cc23ea539a05e0,Lazeez Indian Cuisine,4.5,298.0,,Indian restaurant,"Indian restaurant, Biryani restaurant, Pakistani restaurant, Vegetarian restaurant","763 S 8th St, Philadelphia, PA 19147",(267) 457-2702,https://lazeezrestaurantpa.com/?utm_source=google,39.9395052,-75.1558606,Indian restaurants,"Center City Philadelphia PA, Rittenhouse Philadelphia PA, South Philadelphia PA"
ChIJM6mE1IzJxokROwDfZ882E8I,0x89c6c98cd484a933:0xc21336cf67df003b,Taste of Punjab,4.6,522.0,,Indian restaurant,"Indian restaurant, Biryani restaurant, Kebab shop, Punjabi restaurant, South Indian restaurant, Vegetarian restaurant","2015 E Moyamensing Ave #2544, Philadelphia, PA 19148",(610) 332-0855,https://tasteofpunjabphilly.com/?utm_source=google,39.9229179,-75.15253779999999,Indian restaurants,"Center City Philadelphia PA, Old City Philadelphia PA, South Philadelphia PA"
ChIJSSrt0eHHxokR3laKd8G5SOE,0x89c6c7e1d1ed2a49:0xe148b9c1778a56de,The Royal Indian Cuisine,4.1,192.0,,Indian restaurant,"Indian restaurant, Buffet restaurant, Caterer, Takeout Restaurant, Pakistani restaurant, Restaurant","272 S 20th St, Philadelphia, PA 19103",(215) 732-7777,https://theroyalindiancuisine.com/?utm_source=google,39.948374,-75.17449049999999,Indian restaurants,"Center City Philadelphia PA, Rittenhouse Philadelphia PA"
ChIJ95LL1f3HxokRD1K_qr8wiIE,0x89c6c7fdd5cb92f7:0x818830bfaabf520f,Ji Bei Chuan Philly,4.8,558.0,$10–20,Chinese restaurant,"Chinese restaurant, Noodle shop, Restaurant","930 Race St, Philadelphia, PA 19107",(215) 948-9988,https://www.jbcphilly.com/,39.9551897,-75.155433,Chinese restaurants,"Center City Philadelphia PA, Old City Philadelphia PA, South Philadelphia PA, University City Philadelphia PA"
ChIJLbw-DTDGxokR0hlDxRcMUso,0x89c6c6300d3ebc2d:0xca520c17c54319d2,DanDan Rittenhouse,4.3,1547.0,$20–30,Sichuan restaurant,"Sichuan restaurant, Chinese restaurant, Dan Dan noodle restaurant","126 S 16th St, Philadelphia, PA 19102",(215) 800-1165,http://dandanrestaurant.com/,39.950255,-75.16760599999999,"Chinese restaurants, gluten free restaurants","Center City Philadelphia PA, Fishtown Philadelphia PA, Rittenhouse Philadelphia PA, University City Philadelphia PA"
ChIJdwg3YyrGxokRFS14L5iPnlA,0x89c6c62a63370877:0x509e8f982f782d15,Nan Zhou Hand Drawn Noodle House,4.5,1813.0,$10–20,Chinese noodle restaurant,"Chinese noodle restaurant, Asian restaurant, Chinese restaurant, Chinese takeaway, Takeout Restaurant, Noodle shop, Restaurant","1022 Race St, Philadelphia, PA 19107",(215) 923-1550,http://www.nanzhounoodle.com/,39.9552012,-75.1568535,Chinese restaurants,"Center City Philadelphia PA, Old City Philadelphia PA, Rittenhouse Philadelphia PA"
ChIJJ7cIKjjJxokREsLFzvOBkvY,0x89c6c9382a08b727:0xf69281f3cec5c212,Mana Modern Chinese,4.9,200.0,$20–30,Chinese restaurant,"Chinese restaurant, Asian restaurant, Dim sum restaurant, Restaurant","719 N 2nd St, Philadelphia, PA 19123",(215) 933-0536,https://www.manamodern.com/,39.9623604,-75.1406875,Chinese restaurants,"Center City Philadelphia PA, Fishtown Philadelphia PA, Old City Philadelphia PA, South Philadelphia PA"
ChIJXZy_fSnGxokRQh1T1xvLiiA,0x89c6c6297dbf9c5d:0x208acb1bd7531d42,Dim Sum Garden,4.2,4544.0,$20–30,Dim sum restaurant,"Dim sum restaurant, Chinese restaurant, Shanghainese restaurant","1024 Race St, Philadelphia, PA 19107",(215) 873-0258,http://www.dimsumgardenphilly.com/,39.9554239,-75.1568853,Chinese restaurants,"Center City Philadelphia PA, Old City Philadelphia PA, Rittenhouse Philadelphia PA"
ChIJd1P-OTjIxokRAvUKkwUb2CY,0x89c6c83839fe5377:0x26d81b05930af502,Ho Sai Gai Restaurant,4.3,878.0,$10–20,Chinese restaurant,"Chinese restaurant, Taiwanese restaurant","1000 Race St, Philadelphia, PA 19107",(215) 922-4930,,39.9552227,-75.15605529999999,Chinese restaurants,"Center City Philadelphia PA, Old City Philadelphia PA, Rittenhouse Philadelphia PA"
ChIJES72cYXIxokR911D5us7LDs,0x89c6c88571f62e11:0x3b2c3bebe6435df7,Han Dynasty - Old City,4.4,1535.0,$20–30,Chinese restaurant,Chinese restaurant,"110 Chestnut St, Philadelphia, PA 19106",(215) 922-1888,http://www.handynasty.net/oldcity,39.9480692,-75.1430342,Chinese restaurants,"Center City Philadelphia PA, Fishtown Philadelphia PA, Old City Philadelphia PA, South Philadelphia PA"
ChIJpQjJhizGxokRqolPE6vSP5o,0x89c6c62c86c908a5:0x9a3fd2ab134f89aa,Nom Wah Philadelphia,4.5,1183.0,$20–30,Dim sum restaurant,"Dim sum restaurant, Cantonese restaurant, Chinese restaurant","218 N 13th St, Philadelphia, PA 19107",(267) 519-2889,http://nomwah.com/,39.956603699999995,-75.1607645,Chinese restaurants,"Center City Philadelphia PA, Rittenhouse Philadelphia PA"
ChIJ_z8MJIDIxokRJN9aHxDis_M,0x89c6c880240c3fff:0xf3b3e2101f5adf24,Sang Kee Peking Duck House,4.4,2371.0,$20–30,Chinese restaurant,"Chinese restaurant, Barbecue restaurant, Noodle shop","238 N 9th St, Philadelphia, PA 19107",(215) 925-7532,http://www.sangkeechinatown.com/,39.9564399,-75.1542511,Chinese restaurants,"Center City Philadelphia PA, Old City Philadelphia PA"
ChIJ4fZ2HjDGxokREKpzF6JOffA,0x89c6c6301e76f6e1:0xf07d4ea21773aa10,Meet Harbin 遇见哈尔滨,4.4,734.0,$20–30,Chinese restaurant,Chinese restaurant,"1508 Sansom St, Philadelphia, PA 19102",(215) 564-2949,,39.950277,-75.16633,Chinese restaurants,"Center City Philadelphia PA, Rittenhouse Philadelphia PA, South Philadelphia PA, University City Philadelphia PA"
ChIJr5geyv7HxokRLfSq70Yb13M,0x89c6c7feca1e98af:0x73d71b46efaaf42d,Feng Hotpot 冯校长老火锅,4.8,656.0,$30–60,Chinese restaurant,"Chinese restaurant, Asian restaurant, Hot pot restaurant","1310 Walnut St, Philadelphia, PA 19107",(267) 575-6033,http://www.fenghotpot.com/,39.9489904,-75.1626553,Chinese restaurants,Center City Philadelphia PA
ChIJY3FPQD_HxokRGy6YllOiCwA,0x89c6c73f404f7163:0xba25396982e1b,Hen Ji Hou Wei Xuan Cheung Fun,4.7,87.0,$1–10,Chinese restaurant,Chinese restaurant,"50 N 10th St, Philadelphia, PA 19107",(267) 888-3233,,39.9532616,-75.1564667,Chinese restaurants,Center City Philadelphia PA
ChIJn1ygGyrGxokRB71Fc7z8PpA,0x89c6c62a1ba05c9f:0x903efcbc7345bd07,EMei 峨嵋,4.5,2232.0,$20–30,Chinese restaurant,"Chinese restaurant, Bar, Dan Dan noodle restaurant, Delivery Chinese restaurant, Dim sum restaurant, Gluten-free restaurant, Takeout Restaurant, Restaurant, Sichuan restaurant, Soup restaurant","915 Arch St, Philadelphia, PA 19107",(215) 627-2500,https://www.emeiphilly.com/,39.9536113,-75.1554159,Chinese restaurants,"Center City Philadelphia PA, Rittenhouse Philadelphia PA"
ChIJTf2qV0LHxokRX9ahAD5xu8E,0x89c6c74257aafd4d:0xc1bb713e00a1d65f,Green Garden Restaurant,4.2,78.0,$10–20,Chinese restaurant,"Chinese restaurant, Asian restaurant, Sushi restaurant","237 S 10th St, Philadelphia, PA 19107",(215) 351-1118,http://www.greengardenpa.com/,39.9471977,-75.1575646,Chinese restaurants,"Center City Philadelphia PA, Rittenhouse Philadelphia PA"
ChIJDcUx_CrGxokRezFODo3e3dY,0x89c6c62afc31c50d:0xd6ddde8d0e4e317b,Lee How Fook,4.3,327.0,$20–30,Chinese restaurant,"Chinese restaurant, Asian restaurant, Dim sum restaurant, Dumpling restaurant, Lunch restaurant, Takeout Restaurant, Restaurant","219 N 11th St, Philadelphia, PA 19107",(215) 925-7266,https://www.leehowfook-restaurant.com/,39.9562664,-75.157213,Chinese restaurants,"Center City Philadelphia PA, Rittenhouse Philadelphia PA"
ChIJ5ZgRKQTHxokRjyCW2J4pCUw,0x89c6c704291198e5:0x4c09299ed896208f,Kungfu Hotpot,4.8,1424.0,$40–50,Chinese restaurant,"Chinese restaurant, Chinese noodle restaurant, Hot pot restaurant, Seafood restaurant","1008 Cherry St 3rd floor, Philadelphia, PA 19107",(215) 606-1899,,39.954462199999995,-75.1565415,Chinese restaurants,"Center City Philadelphia PA, Rittenhouse Philadelphia PA"
ChIJv9giPzfGxokRHUsWTjGTLkI,0x89c6c6373f22d8bf:0x422e93314e164b1d,Dim Sum House By Jane G's - Rittenhouse,4.2,953.0,$20–30,Chinese restaurant,"Chinese restaurant, Asian restaurant, Bar, Delivery service, Dim sum restaurant, Takeout Restaurant","1930 Chestnut St, Philadelphia, PA 19103",(215) 563-8800,http://dimsum.house/,39.9518328,-75.1733519,Chinese restaurants,"Center City Philadelphia PA, Rittenhouse Philadelphia PA"
ChIJScJql-vHxokR4bMEdjYZrJk,0x89c6c7eb976ac249:0x99ac19367604b3e1,Opera House,4.8,251.0,$20–30,Chinese restaurant,Chinese restaurant,"112 N 9th St, Philadelphia, PA 19107",(267) 639-2376,http://operahousephilly.com/?utm_source=google&utm_medium=search,39.9539123,-75.1547889,Chinese restaurants,Center City Philadelphia PA
ChIJQ3RRZi_GxokRa55i5Tz53OI,0x89c6c62f66517443:0xe2dcf93ce5629e6b,Sampan,4.4,2389.0,$20–80,Pan-Asian restaurant,"Pan-Asian restaurant, Asian fusion restaurant, Asian restaurant, Restaurant","124 S 13th St, Philadelphia, PA 19107",(215) 732-3501,https://www.sampanphilly.com/,39.9495395,-75.16223839999999,"Chinese restaurants, gluten free restaurants",Center City Philadelphia PA
ChIJ7zxjRtrHxokRYaF27VxRSZo,0x89c6c7da46633cef:0x9a49515ced76a161,Kissho House Japanese Cuisine & Omakase,4.8,336.0,$100+,Japanese restaurant,"Japanese restaurant, Modern izakaya restaurant, Sushi restaurant, Yakitori restaurant","1522 Locust St, Philadelphia, PA 19102",(610) 332-7387,https://www.kisshohouse.com/,39.948329,-75.1672612,Japanese restaurants,"Center City Philadelphia PA, Old City Philadelphia PA, Rittenhouse Philadelphia PA, South Philadelphia PA, University City Philadelphia PA"
ChIJ4SZ8VJ7HxokRv6AdTxasI0o,0x89c6c79e547c26e1:0x4a23ac164f1da0bf,"UNI Japanese Cuisine | Japanese, Hibachi & Ramen Restaurant",4.6,223.0,$20–30,Japanese restaurant,Japanese restaurant,"1900 Pine St, Philadelphia, PA 19103",(215) 986-7719,https://uniphiladelphia.com/,39.946369499999996,-75.1732488,Japanese restaurants,"Center City Philadelphia PA, Old City Philadelphia PA, Rittenhouse Philadelphia PA, South Philadelphia PA, University City Philadelphia PA"
ChIJwRs6yZfHxokRU2SSRMhxUOU,0x89c6c797c93a1bc1:0xe55071c844926453,Kichi Omakase,4.7,280.0,$100+,Japanese restaurant,Japanese restaurant,"112 S 12th St, Philadelphia, PA 19107",(215) 359-6099,https://instagram.com/kichi_omakase?igshid=YmMyMTA2M2Y=,39.9499108,-75.160455,Japanese restaurants,"Center City Philadelphia PA, Fishtown Philadelphia PA, Old City Philadelphia PA, Rittenhouse Philadelphia PA, South Philadelphia PA, University City Philadelphia PA"
ChIJ6RHuvabHxokRhIYPdoC7tvs,0x89c6c7a6bdee11e9:0xfbb6bb80760f8684,KIRIN HOUSE,4.7,170.0,$20–30,Japanese restaurant,"Japanese restaurant, Asian restaurant, Bar, Restaurant, Sushi restaurant","251 N Clarion St, Philadelphia, PA 19107",(215) 557-6333,https://www.kirinhousephilly.com/,39.957111399999995,-75.1608802,Japanese restaurants,"Center City Philadelphia PA, Old City Philadelphia PA, Rittenhouse Philadelphia PA, South Philadelphia PA, University City Philadelphia PA"
ChIJpwHHCzfGxokRioFlwzpC5MQ,0x89c6c6370bc701a7:0xc4e4423ac365818a,Fuji Mountain Japanese Restaurant,4.4,655.0,$30–40,Sushi restaurant,"Sushi restaurant, Asian restaurant, Izakaya restaurant, Karaoke bar, Restaurant, Seafood restaurant, Tonkatsu restaurant, Vegetarian restaurant","2030 Chestnut St, Philadelphia, PA 19103",(215) 751-0939,http://www.fujimt.com/,39.952095,-75.174736,Japanese restaurants,"Center City Philadelphia PA, Rittenhouse Philadelphia PA, University City Philadelphia PA"
ChIJ6X1dkoLIxokRPv9FKJrlGqs,0x89c6c882925d7de9:0xab1ae59a2845ff3e,Morimoto,4.6,2470.0,$100+,Japanese restaurant,"Japanese restaurant, Cocktail bar, Family restaurant, Restaurant, Takeout Restaurant, Seafood restaurant, Sushi restaurant, Sushi takeaway, Wine bar","723 Chestnut St, Philadelphia, PA 19106",(215) 413-9070,https://morimotorestaurant.com/?utm_source=GoogleBusinessProfile&utm_medium=Website&utm_campaign=MapLabs,39.949652799999996,-75.153275,Japanese restaurants,"Center City Philadelphia PA, Old City Philadelphia PA"
ChIJCbdYjUvHxokRhDWiVwGBZQs,0x89c6c74b8d58b709:0xb65810157a23584,Nakama Japanese Cuisines & Omakase (BYOB),4.8,209.0,$20–30,Japanese restaurant,Japanese restaurant,"45 N 13th St, Philadelphia, PA 19107",(267) 876-7080,https://exploretock.com/nakama-japanese-cuisines--omakase-philadelphia,39.9535978,-75.1609848,Japanese restaurants,"Center City Philadelphia PA, Rittenhouse Philadelphia PA, South Philadelphia PA"
ChIJEwRSHB_HxokRfUU9XPBYhW4,0x89c6c71f1c520413:0x6e8558f05c3d457d,Chubby Nori | Sushi & Handroll Bar,4.8,707.0,$20–60,Restaurant,"Restaurant, Sushi restaurant, Sushi takeaway","146 N 10th St Fl 2, Philadelphia, PA 19107",(866) 622-8853,https://chubbygroup.com/project/chubby-nori-philly/,39.9550104,-75.1561342,Japanese restaurants,"Center City Philadelphia PA, Old City Philadelphia PA"
ChIJaZ9HQJPJxokRRb9EIqdwmJE,0x89c6c99340479f69:0x919870a72244bf45,Umami Steak and Sushi Bar,4.7,345.0,$50–100,Japanese restaurant,"Japanese restaurant, Asian fusion restaurant, Asian restaurant, Fine dining restaurant, Japanese steakhouse, Ramen restaurant, Seafood restaurant, Sushi restaurant, Vegetarian restaurant","Pennsylvania, Philadelphia, Walnut St, US",(267) 534-5395,https://umamisteakandsushi.com/?utm_source=google,39.948112099999996,-75.1537165,Japanese restaurants,"Center City Philadelphia PA, Old City Philadelphia PA, South Philadelphia PA"
ChIJSfKPXvXHxokRkc4caTFR1Cw,0x89c6c7f55e8ff249:0x2cd45131691cce91,Samurai Japanese Restaurant,4.3,220.0,$20–30,Japanese restaurant,Japanese restaurant,"1420 Locust St, Philadelphia, PA 19102",(215) 279-7283,https://samuraiasianfusion.com/,39.9480384,-75.1658929,Japanese restaurants,"Center City Philadelphia PA, Rittenhouse Philadelphia PA"
ChIJ-fWOUjfGxokRhyXawdCfnBg,0x89c6c637528ef5f9:0x189c9fd0c1da2587,Zama,4.5,620.0,$50–100,Japanese restaurant,"Japanese restaurant, Bar, Restaurant, Sushi restaurant","128 S 19th St, Philadelphia, PA 19103",(215) 568-1027,http://www.zamaphilly.com/,39.950924,-75.17236799999999,Japanese restaurants,"Center City Philadelphia PA, Rittenhouse Philadelphia PA, South Philadelphia PA, University City Philadelphia PA"
ChIJTemwc0nHxokRo6NcdWhV_Fs,0x89c6c74973b0e94d:0x5bfc5568755ca3a3,QU JAPAN BISTRO & BAR,4.5,429.0,$20–30,Sushi restaurant,"Sushi restaurant, Japanese restaurant, Ramen restaurant","1635 Market St #103, Philadelphia, PA 19103",(267) 362-9999,http://qujapanphl.com/,39.9534436,-75.1682271,Japanese restaurants,"Center City Philadelphia PA, Rittenhouse Philadelphia PA, University City Philadelphia PA"
ChIJr9HqzMnHxokR5SOThufQ_cQ,0x89c6c7c9ccead1af:0xc4fdd0e7869323e5,Shinto Japanese Sushi & Hibachi,4.8,110.0,$20–30,Sushi restaurant,"Sushi restaurant, Asian restaurant, Teppanyaki restaurant","1218 Pine St, Philadelphia, PA 19107",(267) 544-0178,https://shintophiladelphia.com/,39.9450576,-75.1620641,Japanese restaurants,"Center City Philadelphia PA, Rittenhouse Philadelphia PA, South Philadelphia PA"
ChIJqQlSCSbGxokRxzoomxoe6Q4,0x89c6c626095209a9:0xee91e1a9b283ac7,Kinme,4.7,223.0,$30–70,Japanese restaurant,Japanese restaurant,"1117 Locust St, Philadelphia, PA 19107",(215) 982-1722,https://kinmepa.com/,39.947748399999995,-75.1601866,Japanese restaurants,"Center City Philadelphia PA, Rittenhouse Philadelphia PA, University City Philadelphia PA"
ChIJ8WFysm3JxokROk0L9fMzvLI,0x89c6c96db27261f1:0xb2bc33f3f50b4d3a,Yanaga Kappo Izakaya,4.6,189.0,$20–60,Japanese restaurant,Japanese restaurant,"637 N 3rd St, Philadelphia, PA 19123",(215) 305-4130,https://www.ykisushi.com/,39.9622062,-75.14292019999999,Japanese restaurants,"Center City Philadelphia PA, Fishtown Philadelphia PA, Old City Philadelphia PA"
ChIJPyOSbp7IxokRcBBBXArUYVM,0x89c6c89e6e92233f:0x5361d40a5c411070,Shiso Noodle and Sushi Bar,4.8,176.0,,Japanese restaurant,"Japanese restaurant, Ramen restaurant, Sushi restaurant","604 South St, Philadelphia, PA 19147",(215) 645-9711,https://shisonoodleandsushi.com/?utm_source=google,39.9419068,-75.152643,Japanese restaurants,"Center City Philadelphia PA, Old City Philadelphia PA, South Philadelphia PA"
ChIJVUndUNPJxokRF-ccjoNlEiw,0x89c6c9d350dd4955:0x2c1265838e1ce717,Ogawa Sushi & Kappo,4.8,184.0,$100+,Authentic Japanese restaurant,"Authentic Japanese restaurant, Sushi restaurant","310 Market St First Floor, Philadelphia, PA 19106",(215) 238-5757,https://www.ogawaphilly.com/,39.9500962,-75.1462398,Japanese restaurants,"Center City Philadelphia PA, Old City Philadelphia PA"
ChIJlRh-K4bIxokRziis3VsBU48,0x89c6c8862b7e1895:0x8f53015bddac28ce,Tuna Bar,4.5,495.0,$30–60,Japanese restaurant,"Japanese restaurant, Restaurant","205 Race St, Philadelphia, PA 19106",(215) 238-8862,http://www.tunabar.com/,39.9539367,-75.14343339999999,Japanese restaurants,"Center City Philadelphia PA, Old City Philadelphia PA"
ChIJ2XJujZjIxokRlgKGJybI-mg,0x89c6c8988d6e72d9:0x68fac82627860296,Royal Sushi & Izakaya,4.6,1138.0,$100+,Japanese restaurant,"Japanese restaurant, Restaurant, Sushi restaurant","780 S 2nd St, Philadelphia, PA 19147",(267) 909-9002,http://royalizakaya.com/,39.9381073,-75.14656219999999,Japanese restaurants,"Center City Philadelphia PA, Old City Philadelphia PA, South Philadelphia PA"
ChIJvXsrSzrHxokRDUGCALVvpCs,0x89c6c73a4b2b7bbd:0x2ba46fb50082410d,Paprica Grill,4.8,3669.0,$20–30,Turkish restaurant,"Turkish restaurant, Grill, Gyro restaurant, Halal restaurant, Health food restaurant, Lunch restaurant, Mediterranean restaurant, Middle Eastern restaurant, Restaurant","811 Sansom St, Philadelphia, PA 19107",(215) 925-3550,https://papricagrill.com/,39.948979699999995,-75.1545841,halal restaurants,"Center City Philadelphia PA, Old City Philadelphia PA, Rittenhouse Philadelphia PA, University City Philadelphia PA"
ChIJFfqinzbHxokRiYxzc2zvhu8,0x89c6c7369fa2fa15:0xef86ef6c73738c89,Halal Taste Food Cart,4.7,32.0,$1–10,Halal restaurant,Halal restaurant,"19th St Trolley Station, 1900 Market St, Philadelphia, PA 19103",,,39.953144099999996,-75.1712739,halal restaurants,"Center City Philadelphia PA, Old City Philadelphia PA, Rittenhouse Philadelphia PA, South Philadelphia PA, University City Philadelphia PA"
ChIJe5dLVADHxokR--dNbcq-Bq0,0x89c6c700544b977b:0xad06beca6d4de7fb,Zahid’s Kitchen,4.9,97.0,$10–20,Halal restaurant,"Halal restaurant, Restaurant","1501 Locust St, Philadelphia, PA 19102",(267) 235-0706,https://zahidskitchen.com/,39.9486475,-75.1663489,halal restaurants,"Center City Philadelphia PA, Fishtown Philadelphia PA, Old City Philadelphia PA, Rittenhouse Philadelphia PA, South Philadelphia PA, University City Philadelphia PA"
ChIJD1RTRAnJxokRQ7nFZza6Acw,0x89c6c9094453540f:0xcc01ba3667c5b943,Cilantro Mediterranean Cuisine,4.8,4568.0,$20–60,Middle Eastern restaurant,"Middle Eastern restaurant, Halal restaurant, Mediterranean restaurant","613 S 4th St, Philadelphia, PA 19147",(267) 761-9609,https://www.cilantromediterraneancuisine.com/,39.941114899999995,-75.1490884,halal restaurants,"Center City Philadelphia PA, Fishtown Philadelphia PA, Old City Philadelphia PA, South Philadelphia PA"
ChIJFzYbsFnJxokRiL4yY21k998,0x89c6c959b01b3617:0xdff7646d6332be88,Malooga - Old City,4.7,1870.0,$20–30,Middle Eastern restaurant,"Middle Eastern restaurant, Falafel restaurant, Fine dining restaurant, Halal restaurant, Lunch restaurant, Delivery Restaurant, Takeout Restaurant, Soul food restaurant, Yemeni restaurant","134 Chestnut St, Philadelphia, PA 19106",(267) 822-2327,http://maloogacatering.com/,39.9482947,-75.14382359999999,"halal restaurants, vegan restaurants, vegetarian restaurants","Center City Philadelphia PA, Fishtown Philadelphia PA, Old City Philadelphia PA, University City Philadelphia PA"
ChIJqcjTjfnGxokRKijFex2fqkI,0x89c6c6f98dd3c8a9:0x42aa9f1d7bc5282a,Kabobeesh,4.1,2665.0,$10–60,Pakistani restaurant,"Pakistani restaurant, Indian restaurant, Middle Eastern restaurant, Vegetarian restaurant","3748 Lancaster Ave, Philadelphia, PA 19104",(215) 222-8081,https://www.kabobeeshphilly.com/,39.9597104,-75.19687499999999,halal restaurants,"Center City Philadelphia PA, University City Philadelphia PA"
ChIJX_F-fiXGxokR9NK9QeNSJOo,0x89c6c6257e7ef15f:0xea2452e341bdd2f4,Sahara Grill,4.5,1065.0,$20–30,Middle Eastern restaurant,"Middle Eastern restaurant, Grill, Lebanese restaurant, Restaurant","1334 Walnut St, Philadelphia, PA 19107",(215) 985-4155,https://www.saharagrillphiladelphia.com/,39.9491649,-75.1636456,halal restaurants,Center City Philadelphia PA
ChIJN1yRHdrJxokRghhJqXub65E,0x89c6c9da1d915c37:0x91eb9b7ba9491882,Pasha's Halal Food,4.7,241.0,$10–20,Halal restaurant,"Halal restaurant, Takeout Restaurant","1652 N 2nd St, Philadelphia, PA 19122",(215) 426-2398,https://www.pashasphilly.com/,39.9760646,-75.13837079999999,halal restaurants,"Center City Philadelphia PA, Fishtown Philadelphia PA, Old City Philadelphia PA, South Philadelphia PA, University City Philadelphia PA"
ChIJnSHNwuPHxokRkZe0sFjcUA8,0x89c6c7e3c2cd219d:0xf50dc58b0b49791,Halal Platters & Hot Chicken,4.6,9.0,$10–20,Halal restaurant,Halal restaurant,"4006 Market St, Philadelphia, PA 19104",(215) 921-6443,,39.9569263,-75.20237689999999,halal restaurants,"Center City Philadelphia PA, University City Philadelphia PA"
ChIJS7A5FGbHxokRr9K7yESEmf4,0x89c6c7661439b04b:0xfe998444c8bbd2af,Tent Halal Food,4.8,311.0,$20–30,Halal restaurant,"Halal restaurant, Arab restaurant, Cafe, Falafel restaurant, Middle Eastern restaurant, Moroccan restaurant, Shawarma restaurant, Syrian restaurant","3967 W Ford Rd #87, Philadelphia, PA 19131",(215) 933-0520,https://tenthalalfoodpa.com/,39.9998548,-75.2091392,halal restaurants,"Center City Philadelphia PA, South Philadelphia PA, University City Philadelphia PA"
ChIJyUDWAvTHxokRX-vbNb0HFo4,0x89c6c7f402d640c9:0x8e1607bd35dbeb5f,ZamZam Halal Food,4.8,41.0,$1–10,Halal restaurant,Halal restaurant,"39 95506824671613 #75.18948326193909, Philadelphia, PA 19104",,,39.955003999999995,-75.1894628,halal restaurants,"Center City Philadelphia PA, Rittenhouse Philadelphia PA, South Philadelphia PA, University City Philadelphia PA"
ChIJn8Wt0F7HxokR9G9CnEheb-M,0x89c6c75ed0adc59f:0xe36f5e489c426ff4,KING GYRO HALAL FOOD,4.8,35.0,$10–20,Restaurant,Restaurant,"17th Market St, Philadelphia, PA 19106",(267) 773-2689,,39.953140999999995,-75.1682951,halal restaurants,"Center City Philadelphia PA, Old City Philadelphia PA, Rittenhouse Philadelphia PA, South Philadelphia PA"
ChIJgVZMpETHxokR5JXIqgCw0uo,0x89c6c744a44c5681:0xead2b000aac895e4,Halal taste food cart,4.4,55.0,$1–10,Halal restaurant,Halal restaurant,"33rd &, Market St, Philadelphia, PA 19104",(609) 477-6644,,39.9557301,-75.18956419999999,halal restaurants,"Center City Philadelphia PA, Rittenhouse Philadelphia PA, University City Philadelphia PA"
ChIJ6eHOoX3JxokR1JdlR8R5I2M,0x89c6c97da1cee1e9:0x632379c4476597d4,Al-Sham Restaurant,4.4,580.0,$10–20,Middle Eastern restaurant,Middle Eastern restaurant,"337 Spring Garden St, Philadelphia, PA 19123",(215) 922-7700,https://www.alshamrestaurant.com/,39.961318999999996,-75.144573,halal restaurants,"Center City Philadelphia PA, Fishtown Philadelphia PA"
ChIJ2XGRGQDHxokRICs5UOle2Ns,0x89c6c700199171d9:0xdbd85ee950392b20,It's Eatoo,5.0,15.0,$10–20,Halal restaurant,Halal restaurant,"1400 S 31st St, Philadelphia, PA 19146",(215) 468-2476,,39.9364133,-75.1955775,halal restaurants,"Center City Philadelphia PA, Rittenhouse Philadelphia PA, South Philadelphia PA"
ChIJawyxiU3HxokR6Zyi3msUvJQ,0x89c6c74d89b10c6b:0x94bc146bdea29ce9,Uyghur Noodle King,4.7,299.0,$20–30,Halal restaurant,Halal restaurant,"3816 Chestnut St Unit 8, Philadelphia, PA 19104",(215) 883-9555,https://order.toasttab.com/online/uyghur-noodle-king-3616-chestnut-st-unit-8,39.955134799999996,-75.1994835,halal restaurants,"Center City Philadelphia PA, Fishtown Philadelphia PA, Old City Philadelphia PA, Rittenhouse Philadelphia PA, South Philadelphia PA, University City Philadelphia PA"
ChIJsV15FgDHxokR_NMeNH4Jesk,0x89c6c70016795db1:0xc97a097e341ed3fc,Market Halal Cart,5.0,62.0,$1–10,Halal restaurant,"Halal restaurant, Food court, Middle Eastern restaurant, Pakistani restaurant","2005 Market St Ste 150, Philadelphia, PA 19103",,,39.9539446,-75.1749043,halal restaurants,"Center City Philadelphia PA, Old City Philadelphia PA, Rittenhouse Philadelphia PA"
ChIJZ473C_DGxokRdXVAMa-zkDk,0x89c6c6f00bf78e67:0x3990b3af31407575,Saad's Halal Restaurant,4.5,3987.0,$10–20,Middle Eastern restaurant,"Middle Eastern restaurant, Cheesesteak restaurant, Halal restaurant, Mediterranean restaurant","4500 Walnut St, Philadelphia, PA 19139",(215) 222-7223,https://www.saadhalal.com/,39.9550767,-75.2118899,halal restaurants,"Center City Philadelphia PA, Fishtown Philadelphia PA, Old City Philadelphia PA, Rittenhouse Philadelphia PA, South Philadelphia PA, University City Philadelphia PA"
ChIJPTSjdADHxokRUGDSp8EgxM0,0x89c6c70074a3343d:0xcdc420c1a7d26050,Zebb's Halal,5.0,3.0,,Halal restaurant,Halal restaurant,"206 Spring Garden St, Philadelphia, PA 19130",,,39.962469999999996,-75.16287899999999,halal restaurants,"Center City Philadelphia PA, Old City Philadelphia PA, Rittenhouse Philadelphia PA"
ChIJ46BMofrGxokRs5EkeYJ5x8s,0x89c6c6faa14ca0e3:0xcbc77982792491b3,Hadramout Restaurant,4.5,765.0,$20–30,Yemeni restaurant,Yemeni restaurant,"136 S 45th St, Philadelphia, PA 19139",(215) 386-0919,,39.9557177,-75.21175459999999,halal restaurants,Center City Philadelphia PA
ChIJG88UXTrGxokRSz3880ZvYM4,0x89c6c63a5d14cf1b:0xce606f46f3fc3d4b,P.S. & Co.,4.3,900.0,$20–30,Gluten-free restaurant,"Gluten-free restaurant, Bakery, Health food store, Vegan restaurant","1706 Locust St, Philadelphia, PA 19103",(215) 985-1706,https://psandco.com/,39.948726,-75.169735,"gluten free restaurants, vegan restaurants, vegetarian restaurants","Center City Philadelphia PA, Rittenhouse Philadelphia PA, South Philadelphia PA, University City Philadelphia PA"
ChIJzwJLbCbGxokRXunxjgGTg2U,0x89c6c6266c4b02cf:0x658393018ef1e95e,Middle Child,4.7,1196.0,$10–20,Sandwich shop,Sandwich shop,"248 S 11th St, Philadelphia, PA 19107",(267) 930-8344,http://www.middlechildphilly.com/,39.9471698,-75.1594545,gluten free restaurants,"Center City Philadelphia PA, South Philadelphia PA"
ChIJ9dMsT53IxokRU5PGb-IozYc,0x89c6c89d4f2cd3f5:0x87cd28e26fc69353,Talula's Daily,4.6,626.0,$10–20,Restaurant,"Restaurant, American restaurant, Beer garden, Cafe, Coffee shop, Gourmet grocery store, Takeout Restaurant, New American restaurant, Tea house","208 W Washington Square, Philadelphia, PA 19106",(215) 592-6555,https://talulasdaily.com/?utm_source=GoogleBusinessProfile&utm_medium=Website&utm_campaign=MapLabs,39.9473444,-75.1534861,"gluten free restaurants, vegan restaurants, vegetarian restaurants","Center City Philadelphia PA, Old City Philadelphia PA"
ChIJ63BtXSnGxokRXtkeZMmwNlE,0x89c6c6295d6d70eb:0x5136b0c9641ed95e,Fox & Son Fair Foods,4.5,524.0,$10–20,American restaurant,"American restaurant, Gluten-free restaurant, Hot dog restaurant","1136 Arch St, Philadelphia, PA 19107",(215) 372-7935,http://www.foxandsonphilly.com/,39.953103999999996,-75.158998,gluten free restaurants,Center City Philadelphia PA
ChIJ02clAf_JxokRPB7tRyLuNnY,0x89c6c9ff012567d3:0x7636ee2247ed1e3c,Cry Baby Pasta,4.5,717.0,$20–70,Italian restaurant,"Italian restaurant, Takeout Restaurant","627 S 3rd St, Philadelphia, PA 19147",(267) 534-3076,http://crybabypasta.com/,39.940612699999996,-75.147572,gluten free restaurants,"Center City Philadelphia PA, Old City Philadelphia PA, South Philadelphia PA"
ChIJww__4mrIxokRiwIwVq26cxI,0x89c6c86ae2ff0fc3:0x1273baad5630028b,Suraya Restaurant,4.7,4178.0,$50–100,Lebanese restaurant,"Lebanese restaurant, Restaurant","1528 Frankford Ave, Philadelphia, PA 19125",(215) 302-1900,http://surayaphilly.com/,39.973713499999995,-75.1339284,"Italian restaurants, gluten free restaurants, halal restaurants, restaurants, vegan restaurants, vegetarian restaurants",Fishtown Philadelphia PA
ChIJBy3vHE3JxokRyJFviUaJD3Y,0x89c6c94d1cef2d07:0x760f8946896f91c8,Fabrika,4.9,3934.0,$100+,Restaurant,"Restaurant, Bar, Brunch restaurant, Cabaret club, Event venue, Night club, Dinner theater","1108 Frankford Ave, Philadelphia, PA 19125",(215) 203-0202,https://fabrikaphilly.com/?utm_source=gmb,39.9673097,-75.13454329999999,restaurants,Fishtown Philadelphia PA
ChIJr1RdGS3JxokRSMYKb1l4rUU,0x89c6c92d195d54af:0x45ad78596f0ac648,Elma,4.8,159.0,$90–100,Italian restaurant,Italian restaurant,"431 E Girard Ave, Philadelphia, PA 19125",,https://www.elmaphilly.com/,39.970714099999995,-75.12978489999999,"Italian restaurants, gluten free restaurants, restaurants",Fishtown Philadelphia PA
ChIJxb6hBD_IxokR6p8WNANdVqw,0x89c6c83f04a1bec5:0xac565d0334169fea,Cedar Point Bar & Kitchen,4.5,916.0,$20–30,Gastropub,"Gastropub, American restaurant, Bar, Brunch restaurant, Restaurant","2370 E Norris St, Philadelphia, PA 19125",(215) 423-5400,http://www.cedarpointbarandkitchen.com/,39.9768472,-75.1277333,"gluten free restaurants, restaurants, vegan restaurants, vegetarian restaurants",Fishtown Philadelphia PA
ChIJ16gEx2vIxokRpFQKJwJWOZQ,0x89c6c86bc704a8d7:0x94395602270a54a4,Wm. Mulherin’s Sons,4.6,1710.0,,Italian restaurant,"Italian restaurant, Cocktail bar, Hotel","1355 N Front St, Philadelphia, PA 19122",(215) 291-1355,https://www.wmmulherinssons.com/restaurant?utm_source=google&utm_medium=Local&utm_campaign=Google+My+Business,39.9717099,-75.1350556,"Italian restaurants, gluten free restaurants, restaurants",Fishtown Philadelphia PA
ChIJV7Jn0oXJxokRzESL5qL0_OU,0x89c6c985d267b257:0xe5fcf4a2e68b44cc,Two Robbers Fishtown,4.5,323.0,$20–30,Restaurant,"Restaurant, Bar, Distillery","1221 Frankford Ave, Philadelphia, PA 19125",(215) 279-7574,https://tworobbers.com/pages/fishtown,39.9696644,-75.1342739,"gluten free restaurants, restaurants, vegan restaurants, vegetarian restaurants",Fishtown Philadelphia PA
ChIJL1yhPh3JxokRab7n72Wan_Y,0x89c6c91d3ea15c2f:0xf69f9a65efe7be69,Elwood,4.9,252.0,$50–60,Pennsylvania Dutch restaurant,"Pennsylvania Dutch restaurant, Restaurant","1007 Frankford Ave, Philadelphia, PA 19125",(215) 279-7427,http://www.elwoodrestaurant.com/,39.9664064,-75.134304,"Italian restaurants, gluten free restaurants, restaurants",Fishtown Philadelphia PA
ChIJjQevdGnIxokRp1yuuconz7U,0x89c6c86974af078d:0xb5cf27cab9ae5ca7,Fette Sau,4.4,1623.0,$20–30,Restaurant,"Restaurant, American restaurant, Barbecue restaurant, Cocktail bar, Lunch restaurant, Takeout Restaurant","1208 Frankford Ave, Philadelphia, PA 19125",(215) 391-4888,https://fettesauphilly.com/?utm_source=GoogleBusinessProfile&utm_medium=Website&utm_campaign=MapLabs,39.969345,-75.13454709999999,restaurants,Fishtown Philadelphia PA
ChIJS9ygjXvGxokREtJ_5jT7A5Q,0x89c6c67b8da0dc4b:0x9403fb34e67fd212,Johnny Brenda's,4.4,2133.0,$20–30,Restaurant,"Restaurant, Bar, Cafe, Cocktail bar, Live music venue, Lunch restaurant","1201 Frankford Ave, Philadelphia, PA 19125",(215) 739-9684,http://www.johnnybrendas.com/,39.969037199999995,-75.134323,restaurants,Fishtown Philadelphia PA
ChIJLcLGB3jHxokRtTTgXtRPs34,0x89c6c77807c6c22d:0x7eb34fd45ee034b5,Kalaya,4.5,2026.0,$50–100,Thai restaurant,Thai restaurant,"4 W Palmer St, Philadelphia, PA 19125",(215) 545-2535,http://kalayaphilly.com/,39.975649,-75.133089,"gluten free restaurants, restaurants, vegetarian restaurants",Fishtown Philadelphia PA
ChIJgeivYmHJxokR5i0O3dV6vq4,0x89c6c96162afe881:0xaebe7ad5dd0e2de6,Bastia,4.6,263.0,$100+,Restaurant,"Restaurant, Breakfast restaurant, Mediterranean restaurant","1401 E Susquehanna Ave, Philadelphia, PA 19125",(267) 465-5321,https://www.bastiafishtown.com/,39.9752503,-75.1263785,"Italian restaurants, gluten free restaurants, restaurants",Fishtown Philadelphia PA
ChIJXTNZXGnIxokRv7-nfbIT1-I,0x89c6c8695c59335d:0xe2d713b27da7bfbf,Front Street Cafe,4.4,2657.0,$20–30,New American restaurant,"New American restaurant, Bar, Beer garden, Breakfast restaurant, Brunch restaurant, Cafe, Cocktail bar, Event venue, Restaurant, Vegan restaurant","1253 N Front St, Philadelphia, PA 19122",(215) 515-3073,http://frontstreetcafe.net/,39.9702317,-75.13569849999999,"gluten free restaurants, restaurants, vegan restaurants, vegetarian restaurants",Fishtown Philadelphia PA
ChIJGf3zYyzGxokRyJXHN6zBMrg,0x89c6c62c63f3fd19:0xb832c1ac37c795c8,Emmett,4.8,242.0,$100+,Mediterranean restaurant,Mediterranean restaurant,"161 W Girard Ave, Philadelphia, PA 19122",(215) 207-0161,https://www.emmettphilly.com/,39.9694597,-75.1383144,"Italian restaurants, gluten free restaurants, restaurants, vegetarian restaurants",Fishtown Philadelphia PA
ChIJBS-ne8PJxokRHmNGHwMwEX0,0x89c6c9c37ba72f05:0x7d1130031f46631e,Middle Child Clubhouse,4.6,1439.0,$20–30,American restaurant,"American restaurant, Bar, Breakfast restaurant, Sandwich shop","1232 N Front St, Philadelphia, PA 19122",(267) 858-4325,http://middlechildphilly.com/,39.9701638,-75.136144,"gluten free restaurants, restaurants, vegetarian restaurants",Fishtown Philadelphia PA
ChIJwZSPh6fJxokRAmFvY5FRi5I,0x89c6c9a7878f94c1:0x928b5191636f6102,Caletta,4.7,50.0,$50–100,Bar,Bar,"1401 E Susquehanna Ave, Philadelphia, PA 19125",,https://www.calettafishtown.com/,39.9752678,-75.1263919,"Italian restaurants, restaurants",Fishtown Philadelphia PA
ChIJxckCo2nIxokRj34J9koOHgc,0x89c6c869a302c9c5:0x71e0e4af6097e8f,Murph's Bar,4.5,1017.0,$20–30,Bar,Bar,"202 E Girard Ave, Philadelphia, PA 19125",(215) 425-1847,http://murphsbarfishtown.com/,39.9689574,-75.1334129,"Italian restaurants, gluten free restaurants, restaurants",Fishtown Philadelphia PA
ChIJ-7DBmjrIxokR1tcnGGm4Ntw,0x89c6c83a9ac1b0fb:0xdc36b8691827d7d6,Cook and Shaker,4.6,486.0,$20–30,Gastropub,"Gastropub, Bar & grill","2301 E Albert St, Philadelphia, PA 19125",(215) 426-2665,http://www.cookandshaker.com/,39.982598599999996,-75.12049739999999,"gluten free restaurants, restaurants",Fishtown Philadelphia PA
ChIJ41LekZ3JxokRilqTt09Daf0,0x89c6c99d91de52e3:0xfd69434fb7935a8a,Next of Kin,4.8,260.0,$30–40,Cocktail bar,Cocktail bar,"1414 Frankford Ave, Philadelphia, PA 19125",,,39.9721511,-75.1345316,restaurants,Fishtown Philadelphia PA
ChIJI2WTKInJxokRA7SJ-L8Kv5s,0x89c6c98928936523:0x9bbf0abff889b403,Mamajuana Cafe Philly,4.6,5131.0,$50–100,Latin American restaurant,"Latin American restaurant, Lounge bar","1000 Frankford Ave #1, Philadelphia, PA 19125",,http://www.mamajuanacafephilly.com/,39.9648616,-75.1346275,restaurants,Fishtown Philadelphia PA
ChIJw4JC1XTJxokRQQfKcMt8TFU,0x89c6c974d54282c3:0x554c7ccb70ca0741,Casa Borinquena,4.9,317.0,$10–20,Vegan restaurant,"Vegan restaurant, Puerto Rican restaurant","2557 Amber St, Philadelphia, PA 19125",(267) 764-5735,https://casaborinquena.com/,39.9844565,-75.1244483,"vegan restaurants, vegetarian restaurants",Fishtown Philadelphia PA
ChIJOTMyJnfJxokRKz_mmBafLyo,0x89c6c97726323339:0x2a2f9f1698e63f2b,Bengaluru Cafe,4.5,264.0,$10–20,Vegan restaurant,"Vegan restaurant, Indian restaurant, South Indian restaurant, Vegetarian restaurant","809 N 2nd St, Philadelphia, PA 19123",(215) 964-9700,https://www.bengaluru.cafe/,39.9632505,-75.1406514,"Indian restaurants, vegan restaurants, vegetarian restaurants","Fishtown Philadelphia PA, Old City Philadelphia PA"
ChIJOTvGJdPJxokRp_q9VSqZivo,0x89c6c9d325c63b39:0xfa8a992a55bdfaa7,Laser Wolf,4.6,1153.0,$40–90,Middle Eastern restaurant,"Middle Eastern restaurant, Israeli restaurant, Restaurant","1301 N Howard St, Philadelphia, PA 19122",(267) 499-4660,http://laserwolfphilly.com/,39.970620499999995,-75.1365325,"gluten free restaurants, halal restaurants, vegan restaurants, vegetarian restaurants",Fishtown Philadelphia PA
ChIJm4eG1pbJxokRPzx-D3zkARk,0x89c6c996d686879b:0x1901e47c0f7e3c3f,Forest & Main Fishtown,4.9,54.0,$20–30,Bar,Bar,"1416 Frankford Ave, Philadelphia, PA 19125",,https://www.forestandmain.com/,39.9722527,-75.1346081,vegan restaurants,Fishtown Philadelphia PA
ChIJGVx_W3bJxokRYperGWWINww,0x89c6c9765b7f5c19:0xc37886519ab9762,Wonder Fishtown,4.4,371.0,$20–30,Restaurant,"Restaurant, Asian restaurant, Greek restaurant, Italian restaurant, Lunch restaurant, Delivery Restaurant, Takeout Restaurant, Mediterranean restaurant, Mexican restaurant, Pizza restaurant","23 W Girard Ave, Philadelphia, PA 19123",(855) 818-5755,https://app.wonder.com/fishtown,39.9691245,-75.1355976,"vegan restaurants, vegetarian restaurants",Fishtown Philadelphia PA
ChIJ6wPik0jJxokRn_mXFIhrmvo,0x89c6c94893e203eb:0xfa9a6b881497f99f,KINTO Cozy & Authentic Georgian Restaurant,4.9,1358.0,$30–70,Restaurant,"Restaurant, Cafe, Georgian restaurant","1144 Frankford Ave, Philadelphia, PA 19125",(267) 857-9500,https://kintophilly.com/,39.9681268,-75.13455739999999,"Italian restaurants, gluten free restaurants, vegan restaurants, vegetarian restaurants",Fishtown Philadelphia PA
ChIJNVtuUtn9xokR2CF3z7wBhlo,0x89c6fdd9526e5b35:0x5a8601bccf7721d8,The Slider Company,4.6,108.0,$10–20,Takeout Restaurant,Takeout Restaurant,"2043 Frankford Ave, Philadelphia, PA 19125",(215) 552-1250,http://www.slidercophl.com/,39.979361,-75.129425,"vegan restaurants, vegetarian restaurants",Fishtown Philadelphia PA
ChIJd4SG9hfIxokR93dx4tEugKs,0x89c6c817f6868477:0xab802ed1e27177f7,Soko Lovers,4.5,79.0,$1–10,Vegetarian restaurant,Vegetarian restaurant,"2308 N Front St, Philadelphia, PA 19133",(215) 739-3322,https://www.sokolovers.com/,39.9851064,-75.1322917,vegan restaurants,Fishtown Philadelphia PA
ChIJ_VBGwU3JxokRyT3O2wCEqN0,0x89c6c94dc14650fd:0xdda88400dbce3dc9,Tulip Pasta & Wine Bar,4.5,267.0,$50–60,Italian restaurant,Italian restaurant,"2302 E Norris St, Philadelphia, PA 19125",(267) 773-8189,http://tulippasta.com/,39.9778792,-75.1295112,"Italian restaurants, gluten free restaurants",Fishtown Philadelphia PA
ChIJwfP1Oh_JxokRT3hvPhPZDFA,0x89c6c91f3af5f3c1:0x500cd9133e6f784f,Fiore,4.8,250.0,$10–20,American restaurant,American restaurant,"2413 Frankford Ave, Philadelphia, PA 19125",(215) 339-0509,https://www.fiore-finefoods.com/,39.9818868,-75.12700319999999,Italian restaurants,Fishtown Philadelphia PA
ChIJiUrNqeTJxokRrijjGzB9G5M,0x89c6c9e4a9cd4a89:0x931b7d301be328ae,Fishtown Pasta,5.0,53.0,$20–30,Pasta shop,"Pasta shop, Fresh food market, Grocery store","1255 E Palmer St, Philadelphia, PA 19125",,https://fishtownpasta.com/,39.9723234,-75.1290653,Italian restaurants,Fishtown Philadelphia PA
ChIJr0ekDI3JxokRRNzrFpi3fK0,0x89c6c98d0ca447af:0xad7cb79816ebdc44,Liguria Pizzeria,4.5,212.0,$10–20,Pizza restaurant,Pizza restaurant,"1826 Frankford Ave, Philadelphia, PA 19125",(215) 315-8352,,39.977576,-75.131646,Italian restaurants,Fishtown Philadelphia PA
ChIJ99rPbwDJxokRFgAQqwFqnkQ,0x89c6c9006fcfdaf7:0x449e6a01ab100016,Emilia,4.6,139.0,,Italian restaurant,Italian restaurant,"2406 Frankford Ave, Philadelphia, PA 19125",(267) 541-2360,https://www.emiliaphilly.com/,39.9818077,-75.1275955,"Italian restaurants, gluten free restaurants","Fishtown Philadelphia PA, University City Philadelphia PA"
ChIJD4AU2t_JxokRXq6mPfIG9lk,0x89c6c9dfda14800f:0x59f606f23da6ae5e,Sapore,3.9,26.0,$90–100,Italian restaurant,Italian restaurant,"1001 N Delaware Ave, Philadelphia, PA 19125",(215) 717-3900,https://www.riverscasino.com/philadelphia/dining/sapore,39.9638134,-75.1324645,Italian restaurants,Fishtown Philadelphia PA
ChIJy_vKQobIxokRqxl9Alwbm5s,0x89c6c88642cafbcb:0x9b9b1b5c027d19ab,Il Ghiottone,4.7,447.0,$20–40,Italian restaurant,"Italian restaurant, Restaurant","2723 E Cumberland St, Philadelphia, PA 19125",(215) 829-1465,https://www.ghiottoneitaliano.com/,39.9750844,-75.1183377,Italian restaurants,Fishtown Philadelphia PA
ChIJ_cOVHj_IxokRre9EPY1KNkY,0x89c6c83f1e95c3fd:0x46364a8d3d44efad,Loco Pez,4.4,1807.0,$20–30,Mexican restaurant,"Mexican restaurant, Bar, Takeout Restaurant, Restaurant, Taco restaurant","2401 E Norris St, Philadelphia, PA 19125",(267) 886-8061,http://locopez.com/,39.9768348,-75.1272262,Mexican restaurants,Fishtown Philadelphia PA
ChIJLwTeEGnIxokROyxe03bp1cI,0x89c6c86910de042f:0xc2d5e976d35e2c3b,Sancho Pistola's,4.4,1064.0,$20–30,Mexican restaurant,"Mexican restaurant, Bar","19 W Girard Ave, Philadelphia, PA 19125",(267) 324-3530,https://www.pistolaslife.com/about,39.9688667,-75.1351778,Mexican restaurants,Fishtown Philadelphia PA
ChIJN1q33G7IxokRxER3Dkb2NPw,0x89c6c86edcb75a37:0xfc34f6460e7744c4,Pancho's Cafe,4.7,424.0,$10–20,Mexican restaurant,Mexican restaurant,"148 W Girard Ave, Philadelphia, PA 19123",(215) 627-1495,http://orderpanchoscafe.com/,39.969064599999996,-75.13807229999999,Mexican restaurants,Fishtown Philadelphia PA
ChIJ07SiXQDJxokRNhgFuWDXGyo,0x89c6c9005da2b4d3:0x2a1bd760b9051836,Amá,4.6,295.0,$100+,Mexican restaurant,Mexican restaurant,"101 W Oxford St, Philadelphia, PA 19122",(215) 425-5880,https://amaphl.com/,39.974556,-75.134737,Mexican restaurants,Fishtown Philadelphia PA
ChIJL1aTewPJxokRqbRjTSYxMAM,0x89c6c9037b93562f:0x33031264d63b4a9,El Chingon Fishtown,4.0,96.0,$20–30,Mexican restaurant,Mexican restaurant,"1431 Frankford Ave, Philadelphia, PA 19125",(267) 807-1436,https://www.elchingonphilly.com/,39.9730968,-75.13375289999999,Mexican restaurants,Fishtown Philadelphia PA
ChIJ1SvGJxHJxokRfGFfiFFtNMI,0x89c6c91127c62bd5:0xc2346d51885f617c,Nemi,4.7,707.0,$20–60,Mexican restaurant,Mexican restaurant,"2636 Ann St, Philadelphia, PA 19134",(267) 519-0713,https://nemirestaurant.com/,39.9816904,-75.1089344,Mexican restaurants,Fishtown Philadelphia PA
ChIJa7ZiXsXJxokRXyJrrfXa7gk,0x89c6c9c55e62b66b:0x9eedaf5ad6b225f,Calle del Sabor,4.1,108.0,$10–20,Taco restaurant,Taco restaurant,"34 W Girard Ave, Philadelphia, PA 19123",(267) 230-5562,http://calledelsabor.lovable.app/,39.968706999999995,-75.1359574,Mexican restaurants,Fishtown Philadelphia PA
ChIJq6yHzO7JxokRrVwbE1MyCnk,0x89c6c9eecc87acab:0x790a3253131b5cad,Cantina la Martina,4.5,443.0,,Mexican restaurant,Mexican restaurant,"2800 D St, Philadelphia, PA 19134",(267) 519-2142,http://cantinalamartinapa.com/,39.991532,-75.1226733,Mexican restaurants,Fishtown Philadelphia PA
ChIJcbzrXSTJxokRwyq0NlLYekc,0x89c6c9245debbc71:0x477ad85236b42ac3,Luna Marre,4.8,46.0,$20–70,Mexican restaurant,Mexican restaurant,"1001 N 2nd St, Philadelphia, PA 19123",(267) 534-5226,https://lunamarre.com/,39.9665629,-75.1399899,Mexican restaurants,Fishtown Philadelphia PA
ChIJQ884dz_JxokRhsrXtmmwhHk,0x89c6c93f7738cf43:0x7984b069b6d7ca86,TACOS EL TORO,5.0,12.0,$10–20,Mexican restaurant,Mexican restaurant,"901 W Girard Ave, Philadelphia, PA 19123",(267) 498-8652,,39.970687999999996,-75.1511628,Mexican restaurants,Fishtown Philadelphia PA
ChIJJVvEOmzIxokRC-ECU84OU44,0x89c6c86c3ac45b25:0x8e530ece5302e10b,Que Chula Es Puebla Inc,4.3,790.0,$20–30,Mexican restaurant,"Mexican restaurant, Latin American restaurant, Restaurant","1356 N 2nd St, Philadelphia, PA 19122",(215) 203-0404,https://quechulaespuebla.menufy.com/,39.972388599999995,-75.1392521,Mexican restaurants,Fishtown Philadelphia PA
ChIJUcc8UQvJxokRjoessUyCKyw,0x89c6c90b513cc751:0x2c2b824cb1ac878e,Tiffin Indian Cuisine Northern Liberties,4.8,33.0,$20–30,Indian restaurant,"Indian restaurant, Restaurant","1040 N 2nd St #601, Philadelphia, PA 19123",(215) 309-2095,https://www.tiffin.com/,39.9673211,-75.1407761,Indian restaurants,"Fishtown Philadelphia PA, Old City Philadelphia PA"
ChIJnSay72nIxokR5A_gduHdO84,0x89c6c869efb2269d:0xce3bdde176e00fe4,Ekta Indian Cuisine(Fishtown),4.4,529.0,$20–30,Indian restaurant,"Indian restaurant, Buffet restaurant, Family restaurant, Restaurant, South Asian restaurant","238 E Girard Ave, Philadelphia, PA 19125",(215) 426-2277,https://www.ektaindiancuisine.com/fishtown/,39.9692874,-75.1323134,Indian restaurants,Fishtown Philadelphia PA
ChIJwXebRwDHxokRijf7zyrdmm8,0x89c6c700479b77c1:0x6f9add2acffb378a,Nikis kitchen the home food,5.0,23.0,,Indian restaurant,"Indian restaurant, American restaurant, Sandwich shop, Soup kitchen","1308 W Girard Ave, Philadelphia, PA 19123",(267) 351-6123,http://www.nikiskitchenpa.com/,39.970769499999996,-75.1577557,Indian restaurants,Fishtown Philadelphia PA
ChIJm77JBQDJxokRPSe2Hgq7aAY,0x89c6c90005c9be9b:0x668bb0a1eb6273d,Adda Philly,,,,Indian restaurant,Indian restaurant,"1700 Frankford Ave, Philadelphia, PA 19125",,,39.9746893,-75.1333933,Indian restaurants,Fishtown Philadelphia PA
ChIJJTnpqlbHxokRoU-anldMbfY,0x89c6c756aae93925:0xf66d4c579e9a4fa1,Vijayawada Mess Indian Cuisine,4.4,119.0,$10–20,Indian restaurant,Indian restaurant,"1308 W Girard Ave, Philadelphia, PA 19123",(484) 318-5121,https://www.vijayawadaindiancuisine.com/,39.971061999999996,-75.157674,Indian restaurants,Fishtown Philadelphia PA
ChIJT-tR03bIxokRoXnkQFicQ-M,0x89c6c876d351eb4f:0xe3439c5840e479a1,Tiffin Indian Cuisine Philadelphia,4.1,296.0,$30–40,Indian restaurant,"Indian restaurant, Catering food and drink supplier, Delivery Restaurant, Restaurant, Vegetarian restaurant","710 W Girard Ave, Philadelphia, PA 19123",(215) 922-1297,http://www.tiffin.com/,39.970110999999996,-75.14867799999999,Indian restaurants,Fishtown Philadelphia PA
ChIJNS2GDmnIxokRkzQAxiigp7I,0x89c6c8690e862d35:0xb2a7a028c6003493,Mandarin House,3.7,133.0,$10–20,Chinese restaurant,Chinese restaurant,"3 W Girard Ave, Philadelphia, PA 19123",(215) 739-9798,https://www.mandarinhousepa.com/?utm_source=gmb&utm_medium=website,39.9689376,-75.13463209999999,Chinese restaurants,Fishtown Philadelphia PA
ChIJwxbBoJHJxokRnaGVtUkzMc8,0x89c6c991a0c116c3:0xcf313349b595a19d,Wokworks Fishtown,4.2,336.0,$10–20,Asian restaurant,Asian restaurant,"1429 Marlborough St, Philadelphia, PA 19125",(215) 964-9334,https://www.wokworks.com/,39.9733324,-75.1335981,Chinese restaurants,Fishtown Philadelphia PA
ChIJL5Gb7yjIxokRf3W4p0srZMM,0x89c6c828ef9b912f:0xc3642b4ba7b8757f,Lin's Garden,4.4,242.0,$10–20,Chinese restaurant,"Chinese restaurant, American restaurant","2914 Frankford Ave, Philadelphia, PA 19134",(215) 426-8852,https://linsgardenphiladelphia.com/,39.9900406,-75.1172995,Chinese restaurants,Fishtown Philadelphia PA
ChIJsTC5QDK3xokRiveuAq3TlIk,0x89c6b73240b930b1:0x8994d3ad02aef78a,General Tso,4.5,362.0,$10–20,Chinese restaurant,"Chinese restaurant, Asian restaurant, Chinese takeaway","2350 Orthodox St, Philadelphia, PA 19137",(215) 876-6555,http://www.generaltsophilly.com/?utm_source=gmb&utm_medium=website,40.0061298,-75.07817539999999,Chinese restaurants,Fishtown Philadelphia PA
ChIJaYQemtPJxokR4dXgDcXMeLU,0x89c6c9d39a1e8469:0xb578ccc50de0d5e1,New China Restaurant,4.1,236.0,$20–30,Chinese restaurant,"Chinese restaurant, Delivery Restaurant","2552 E Allegheny Ave, Philadelphia, PA 19134",(215) 425-4188,https://www.newchinaphillypa.com/menu,39.985751199999996,-75.10420719999999,Chinese restaurants,Fishtown Philadelphia PA
ChIJl5T_Tt63xokRMGPzVjkuaOs,0x89c6b7de4eff9497:0xeb682e3956f36330,Cheng Long,4.4,84.0,$1–10,Chinese restaurant,Chinese restaurant,"3135 N Front St, Philadelphia, PA 19133",(215) 634-2996,,39.9979448,-75.1291815,Chinese restaurants,Fishtown Philadelphia PA
ChIJ9ahBfzfIxokRXY151HPDOcQ,0x89c6c8377f41a8f5:0xc439c373d4798d5d,Capital Beer,4.1,451.0,$10–20,Chinese restaurant,Chinese restaurant,"2661 E Cumberland St, Philadelphia, PA 19125",(215) 203-8686,,39.9761275,-75.1192629,Chinese restaurants,Fishtown Philadelphia PA
ChIJVz3uHy7IxokRLxglsRlD_8k,0x89c6c82e1fee3d57:0xc9ff4319b125182f,Xinying Chinese restaurant,3.8,161.0,$20–30,Chinese restaurant,"Chinese restaurant, Delivery Restaurant, Restaurant","2403 E Somerset St, Philadelphia, PA 19134",(215) 423-6531,,39.983111699999995,-75.1150466,Chinese restaurants,Fishtown Philadelphia PA
ChIJ8-zrGQDJxokRNLbespiEqro,0x89c6c90019ebecf3:0xbaaa8498b2deb634,Bao Button,4.7,414.0,$10–20,Ramen restaurant,Ramen restaurant,"2489 Aramingo Ave, Philadelphia, PA 19125",(267) 936-0009,https://www.baobutton.com/,39.9757731,-75.11970629999999,Chinese restaurants,Fishtown Philadelphia PA
ChIJCQGz5SbIxokRiywuPZmab7Q,0x89c6c826e5b30109:0xb46f9a993d2e2c8b,Great Wall Chinese Restaurant,4.4,58.0,$1–10,Chinese restaurant,Chinese restaurant,"2760 Kensington Ave, Philadelphia, PA 19134",(267) 858-2198,,39.9911853,-75.12341239999999,Chinese restaurants,Fishtown Philadelphia PA
ChIJyykep_vJxokRZrZEhMi5C2k,0x89c6c9fba71e29cb:0x690bb9c88444b666,Lee's Dumplings and stuff,4.9,188.0,$10–20,Asian fusion restaurant,"Asian fusion restaurant, Takeout Restaurant","2313 N Front St, Philadelphia, PA 19133",(267) 213-3758,http://www.leesdumplingsandstuff.com/,39.9851962,-75.13190569999999,Chinese restaurants,Fishtown Philadelphia PA
ChIJoeZuwGfIxokRcukhelD33uE,0x89c6c867c06ee6a1:0xe1def7507a21e972,Mian,3.3,37.0,,Chinese restaurant,Chinese restaurant,"1001 N Delaware Ave, Philadelphia, PA 19125",(215) 717-3990,https://www.riverscasino.com/philadelphia/dining/mian,39.9640632,-75.1327706,Chinese restaurants,Fishtown Philadelphia PA
ChIJYUIVJYzJxokRcXq_WyBt9KU,0x89c6c98c25154261:0xa5f46d205bbf7a71,Yuhiro Omakase Sushi,4.6,203.0,$40–90,Japanese restaurant,Japanese restaurant,"2146 E Susquehanna Ave, Philadelphia, PA 19125",(267) 876-7062,https://www.yuhirosushi.com/,39.9798311,-75.12985599999999,Japanese restaurants,Fishtown Philadelphia PA
ChIJN7COH8zJxokRST7lQtJdAH8,0x89c6c9cc1f8eb037:0x7f005dd242e53e49,Dawa Sushi and Ramen,4.7,451.0,,Sushi restaurant,"Sushi restaurant, Ramen restaurant","105 W Girard Ave, Philadelphia, PA 19122",(215) 278-7546,https://www.dawafish.com/,39.969134499999996,-75.1364667,Japanese restaurants,Fishtown Philadelphia PA
ChIJgRvWj3DJxokRCzXbYM8i4Ac,0x89c6c9708fd61b81:0x7e022cf60db350b,Hajimaru Ramen,4.5,269.0,$10–20,Ramen restaurant,"Ramen restaurant, Japanese curry restaurant, Japanese restaurant, Noodle shop, Rice restaurant","200 E Girard Ave, Philadelphia, PA 19125",(215) 426-8700,,39.9688861,-75.1334703,Japanese restaurants,Fishtown Philadelphia PA
ChIJ3Ycmksm3xokRzpgeIHzSeSY,0x89c6b7c9922687dd:0x2679d27c201e98ce,mika Japanese restaurant,4.4,71.0,$10–20,Japanese restaurant,Japanese restaurant,"Pennsylvania, Philadelphia, E Venango St, 邮政编码: 19134",(215) 789-6568,https://www.mikaaramingo.com/,39.994449499999995,-75.0970217,Japanese restaurants,Fishtown Philadelphia PA
ChIJa7LMlm_IxokRP5dTKrcBQIY,0x89c6c86f96ccb26b:0x864001b72a53973f,Hikari Sushi,4.7,419.0,$20–30,Sushi restaurant,"Sushi restaurant, Asian restaurant, Japanese restaurant, Restaurant","1040 N American St #701, Philadelphia, PA 19123",(215) 923-2654,http://www.hikariphilly.com/,39.9673472,-75.1409852,Japanese restaurants,Fishtown Philadelphia PA
ChIJKaXf8K3JxokRssXbj0s9mbA,0x89c6c9adf0dfa529:0xb0993d4b8fdbc5b2,Sakana Omakase Sushi,4.9,403.0,$100+,Japanese restaurant,"Japanese restaurant, Sushi restaurant","616 S 2nd St, Philadelphia, PA 19147",(215) 922-2149,http://phillysakana.com/,39.940697,-75.1459966,Japanese restaurants,"Fishtown Philadelphia PA, South Philadelphia PA"
ChIJH3B_SSfJxokRgyE86mXkrY4,0x89c6c927497f701f:0x8eade465ea3c2183,637 Philly Sushi Club,4.9,97.0,$100+,Sushi restaurant,Sushi restaurant,"Hidden Inside of Yanaga Kappo Izakaya, 637 N 3rd St, Philadelphia, PA 19123",(215) 305-4130,https://www.ykisushi.com/637phillysushiclub,39.9622062,-75.14292019999999,Japanese restaurants,"Fishtown Philadelphia PA, Old City Philadelphia PA"
ChIJP5FWXmPIxokRlgJ4x1PpVfE,0x89c6c8635e56913f:0xf155e953c7780296,Seiko Japanese Restaurant,4.7,338.0,,Japanese restaurant,"Japanese restaurant, Asian restaurant, Caterer, Ramen restaurant, Sushi restaurant, Vegetarian restaurant","604 N 2nd St, Philadelphia, PA 19123",(215) 413-1606,https://seikopa.com/?utm_source=google,39.9612121,-75.1415708,Japanese restaurants,"Fishtown Philadelphia PA, Old City Philadelphia PA"
ChIJiQqSYPrJxokRqlrlYlmv3v4,0x89c6c9fa60920a89:0xfedeaf5962e55aaa,Izakaya Fishtown,4.0,316.0,,Sushi restaurant,Sushi restaurant,"1832 Frankford Ave, Philadelphia, PA 19125",(267) 310-3554,https://www.byyanaga.com/,39.9778161,-75.1314532,Japanese restaurants,Fishtown Philadelphia PA
ChIJN9dcUgbJxokRG4rlqDoA95Y,0x89c6c906525cd737:0x96f7003aa8e58a1b,HIROKI,4.3,315.0,$100+,Sushi restaurant,Sushi restaurant,"Corner of Lee &, Master St, Philadelphia, PA 19125, 1355 N Front St, Philadelphia, PA 19122",(215) 422-3222,https://hirokisan.com/,39.9717187,-75.135046,Japanese restaurants,Fishtown Philadelphia PA
ChIJ-zNjgRXIxokRK3k__2nSky0,0x89c6c815816333fb:0x2d93d269ff3f792b,Sushi by Bou - Fishtown PA @ Izakaya Fishtown,4.6,137.0,$50–100,Japanese restaurant,"Japanese restaurant, Asian restaurant, Fine dining restaurant, Restaurant, Seafood restaurant, Sushi restaurant","1832 Frankford Ave, Philadelphia, PA 19125",(888) 670-5996,https://sushibybou.com/,39.9778161,-75.1314532,Japanese restaurants,Fishtown Philadelphia PA
ChIJB6211qDJxokRMmLAIIoR42c,0x89c6c9a0d6b5ad07:0x67e3118a20c06232,Omakase Fishtown,4.0,22.0,$100+,Japanese restaurant,Japanese restaurant,"Restaurant Level, 1832 Frankford Ave, Philadelphia, PA 19125",(267) 310-3554,,39.9778678,-75.13153129999999,Japanese restaurants,Fishtown Philadelphia PA
ChIJJx54pp_HxokRbt10AdoYXpQ,0x89c6c79fa6781e27:0x945e18da0174dd6e,Zahid’s Halal Kitchen,5.0,21.0,$1–10,Halal restaurant,Halal restaurant,"W Girard Ave, Philadelphia, PA 19122",(267) 235-0706,https://zahidskitchen.com/,39.9715542,-75.15921949999999,halal restaurants,"Fishtown Philadelphia PA, Old City Philadelphia PA, Rittenhouse Philadelphia PA"
ChIJc6NXIVO3xokRea0DDbvzE2c,0x89c6b7532157a373:0x6713f3bb0d03ad79,Fire Fried Hot Chicken,4.7,827.0,$10–20,Chicken shop,"Chicken shop, Chicken wings restaurant, Falafel restaurant, Fried chicken takeaway, Hamburger restaurant, Health food restaurant, Restaurant","2843 W Girard Ave, Philadelphia, PA 19130",(215) 239-9604,https://firefriedhotchicken.com/,39.974719799999995,-75.1833303,halal restaurants,Fishtown Philadelphia PA
ChIJu7XcNyTJxokRb_-amBmHhuw,0x89c6c92437dcb5bb:0xec868719989aff6f,Philly Halal Gyro,4.9,104.0,$1–10,Halal restaurant,"Halal restaurant, Restaurant","Aramingo Avenue &, E York St, Philadelphia, PA 19125",,,39.9755179,-75.12126049999999,halal restaurants,Fishtown Philadelphia PA
ChIJA5k8cmXIxokRGfyDVMu8FAI,0x89c6c865723c9903:0x214bccb5483fc19,Pera Turkish Cuisine,4.6,712.0,$20–60,Turkish restaurant,Turkish restaurant,"944 N 2nd St, Philadelphia, PA 19123",(215) 660-9471,http://www.peraphiladelphia.com/,39.9653367,-75.1406507,halal restaurants,Fishtown Philadelphia PA
ChIJRXp_pp7IxokRlmrIYQw2bBs,0x89c6c89ea67f7a45:0x1b6c360c61c86a96,Marrakesh,4.7,1593.0,$40–50,Moroccan restaurant,"Moroccan restaurant, Bar, Restaurant","517 S Leithgow St, Philadelphia, PA 19147",(215) 925-5929,https://marrakesh-philadelphia.club/,39.9420418,-75.1494721,halal restaurants,"Fishtown Philadelphia PA, South Philadelphia PA"
ChIJpUhF-aWzxokR2OSRZT3zudM,0x89c6b3a5f94548a5:0xd3b9f33d6591e4d8,Turkey Berry,4.5,813.0,$20–30,Restaurant,Restaurant,"1913 Welsh Rd, Philadelphia, PA 19115",(215) 677-2300,https://turkeyberryhalal.com/,40.0820729,-75.037346,halal restaurants,Fishtown Philadelphia PA
ChIJV2sm8-bJxokRmECPtCu3tec,0x89c6c9e6f3266b57:0xe7b5b72bb48f4098,Bon Kif Grill,4.7,605.0,$20–30,Mediterranean restaurant,"Mediterranean restaurant, Breakfast restaurant, Caterer, Falafel restaurant, Family restaurant, Halal restaurant, Health food restaurant, Organic restaurant, Tunisian restaurant","627 South St, Philadelphia, PA 19147",,,39.942284699999995,-75.15323839999999,halal restaurants,"Fishtown Philadelphia PA, Old City Philadelphia PA"
ChIJIc03ccTJxokRhZ2LjtXRuEs,0x89c6c9c47137cd21:0x4bb8d1d58e8b9d85,five guys halal food,5.0,2.0,,Halal restaurant,Halal restaurant,"1138 E Susquehanna Ave, Philadelphia, PA 19125",(571) 778-1094,,39.971682,-75.1249691,halal restaurants,Fishtown Philadelphia PA
ChIJK6JFQrTJxokRxR_MPTO77ZI,0x89c6c9b44245a22b:0x92edbb333dcc1fc5,Oasis Haven,4.5,439.0,$20–30,Yemeni restaurant,"Yemeni restaurant, Restaurant","901 W Girard Ave, Philadelphia, PA 19123",(215) 765-3999,https://www.oasishavenmenu.com/?utm_source=gbp,39.971399999999996,-75.1511257,halal restaurants,Fishtown Philadelphia PA
ChIJhbCAvB_JxokRaYiGgLfyqd0,0x89c6c91fbc80b085:0xdda9f2b780868869,Northwest Halal Food Truck,4.9,72.0,$10–20,Halal restaurant,Halal restaurant,"North 4th Street &, 401 Spring Garden St, Philadelphia, PA 19123",(267) 965-7808,,39.961241199999996,-75.14532539999999,halal restaurants,"Fishtown Philadelphia PA, Old City Philadelphia PA"
ChIJcXaqi1_HxokR90jCqLIK2mY,0x89c6c75f8baa7671:0x66da0ab2a8c248f7,Sunny halal food,4.8,16.0,$1–10,Middle Eastern restaurant,Middle Eastern restaurant,"19122, Pennsylvania, Philadelphia, W Montgomery Ave",,,39.9796937,-75.15552629999999,halal restaurants,Fishtown Philadelphia PA
ChIJSWDSKEHIxokRvRBSgI-GIr0,0x89c6c84128d26049:0xbd22868f805210bd,Sulimay's Restaurant,4.6,783.0,$20–30,Traditional American restaurant,"Traditional American restaurant, Breakfast restaurant","632 E Girard Ave, Philadelphia, PA 19125",(215) 423-1773,,39.971588,-75.125939,gluten free restaurants,Fishtown Philadelphia PA
ChIJjUUKr0HIxokRxACTnoXa3Qk,0x89c6c841af0a458d:0x9ddda859e9300c4,Interstate Drafthouse,4.5,593.0,$10–20,Bar,"Bar, Bar & grill","1235 E Palmer St, Philadelphia, PA 19125",(267) 455-0045,http://www.interstatedrafthouse.com/,39.9718397,-75.1286444,gluten free restaurants,Fishtown Philadelphia PA
ChIJOaE5coXIxokRpQt1kuCvTZs,0x89c6c8857239a139:0x9b4dafe092750ba5,Royal Boucherie,4.5,889.0,$20–80,French restaurant,"French restaurant, Bar, Charcuterie, Cocktail bar, Oyster bar restaurant","52 S 2nd St, Philadelphia, PA 19106",(267) 606-6313,http://www.royalboucherie.com/,39.9487112,-75.14411729999999,restaurants,Old City Philadelphia PA
ChIJyal5TYTIxokRfhJy2WNx4T0,0x89c6c8844d79a9c9:0x3de17163d972127e,Fork,4.5,1224.0,$50–100,Restaurant,"Restaurant, American restaurant, Bar, Brunch restaurant, Cocktail bar, Lunch restaurant, Wine bar","306 Market St, Philadelphia, PA 19106",(215) 625-9425,http://www.forkrestaurant.com/,39.949994,-75.146124,"gluten free restaurants, restaurants",Old City Philadelphia PA
ChIJ3R2-gDbJxokR75OWEgKAkxQ,0x89c6c93680be1ddd:0x14938002129693ef,Piccolina,4.8,90.0,$20–60,Restaurant,Restaurant,"301 Chestnut St, Philadelphia, PA 19106",(267) 761-4120,https://www.piccolinaphl.com/,39.948728599999995,-75.1461085,"Italian restaurants, gluten free restaurants, restaurants",Old City Philadelphia PA
ChIJ2YytEYXIxokRxmFAvm4D_bs,0x89c6c88511ad8cd9:0xbbfd036ebe4061c6,Amada Philadelphia,4.5,2422.0,$30–80,Spanish restaurant,"Spanish restaurant, Bar, Small plates restaurant, Tapas restaurant, Wine bar","217-219 Chestnut St, Philadelphia, PA 19106",(215) 625-2450,https://philadelphia.amadarestaurant.com/?utm_source=Facebook&utm_medium=Social&utm_campaign=1SEO_SM_FBPage,39.948654999999995,-75.144893,restaurants,Old City Philadelphia PA
ChIJVxCRc4XIxokRIQ9K6Vf7w9w,0x89c6c88573911057:0xdcc3fb57e94a0f21,Sassafras,4.7,693.0,$20–30,Restaurant,"Restaurant, Bar","48 S 2nd St, Philadelphia, PA 19106",(215) 925-2317,https://www.sassafrasbar.com/,39.948786999999996,-75.1440824,restaurants,Old City Philadelphia PA
ChIJOSWtVYTIxokRwl_XrRL1xz0,0x89c6c88455ad2539:0x3dc7f512add75fc2,National Mechanics Bar and Restaurant,4.5,1688.0,$20–30,Restaurant,"Restaurant, Bar, Bar & grill","22 S 3rd St, Philadelphia, PA 19106",(215) 701-4883,http://www.nationalmechanics.com/,39.9495544,-75.14601329999999,restaurants,Old City Philadelphia PA
ChIJJ7kYLIbIxokRNEodNL-Ugdo,0x89c6c8862c18b927:0xda8194bf341d4a34,Race Street Cafe,4.5,1003.0,$10–20,Restaurant,Restaurant,"208 Race St, Philadelphia, PA 19106",(215) 627-6181,http://www.racestreetcafe.net/,39.953651,-75.1434501,"gluten free restaurants, restaurants, vegetarian restaurants",Old City Philadelphia PA
ChIJpxWEcYXIxokRZUYTDyQB0mY,0x89c6c885718415a7:0x66d201240f134665,The Plough & the Stars,4.5,1874.0,$20–30,Irish restaurant,"Irish restaurant, DJ service, European restaurant, Irish pub, Live music venue, Pub, Sports bar","123 Chestnut Street Entrance on, N 2nd St, Philadelphia, PA 19106",(215) 733-0300,http://www.ploughstars.com/,39.9486235,-75.1439024,restaurants,Old City Philadelphia PA
ChIJ48EXY4PIxokRk-baJiWsQdU,0x89c6c8836317c1e3:0xd541ac2526dae693,Red Owl Tavern,4.3,1934.0,$20–30,Restaurant,Restaurant,"433 Chestnut St, Philadelphia, PA 19106",(215) 923-2267,https://redowltavern.com/,39.949191,-75.14887449999999,"gluten free restaurants, restaurants",Old City Philadelphia PA
ChIJ960BDoXIxokRJC6zC2ntXgA,0x89c6c8850e01adf7:0x5eed690bb32e24,European Republic,4.5,425.0,$10–20,European restaurant,"European restaurant, Restaurant","213 Chestnut St, Philadelphia, PA 19106",(215) 627-5500,,39.9486111,-75.14472219999999,"restaurants, vegan restaurants, vegetarian restaurants",Old City Philadelphia PA
ChIJBaYlGQLJxokR0ykxPaVBz88,0x89c6c9021925a605:0xcfcf41a53d3129d3,The Monto,4.8,33.0,$20–30,Irish pub,Irish pub,"226 Market St, Philadelphia, PA 19106",,https://themontophilly.com/,39.9497967,-75.1447622,restaurants,Old City Philadelphia PA
ChIJ6dM0coXIxokRzky__HwL7LU,0x89c6c8857234d3e9:0xb5ec0b7cfcbf4cce,Khyber Pass Pub,4.6,1874.0,$20–30,Pub,"Pub, Bar","56 S 2nd St, Philadelphia, PA 19106",(215) 238-5888,http://www.khyberpasspub.com/,39.9486537,-75.14413979999999,restaurants,Old City Philadelphia PA
ChIJu4H5RyzJxokRU6pZMgUg038,0x89c6c92c47f981bb:0x7fd320053259aa53,FRAME OLD CITY,4.4,437.0,$50–100,Restaurant,Restaurant,"222 Market St, Philadelphia, PA 19106",(267) 232-8280,http://www.framephl.com/,39.9498776,-75.1445743,restaurants,Old City Philadelphia PA
ChIJt-KhkIXIxokRrDVlOQKbmJA,0x89c6c88590a1e2b7:0x90989b02396535ac,Revolution House,4.2,1024.0,,American restaurant,"American restaurant, Bar, Brunch restaurant, Cheesesteak restaurant, Cocktail bar, Event venue, Pizza delivery, Pizza restaurant, Pizza Takeout","200 Market St, Philadelphia, PA 19106",(267) 301-8319,https://revolutionhouse.com/?utm_source=google,39.9497317,-75.1439347,restaurants,Old City Philadelphia PA
ChIJ99S-SYTIxokR1BTec-LZPeU,0x89c6c88449bed4f7:0xe53dd9e273de14d4,3J's Cafe,4.4,957.0,$10–20,Brunch restaurant,"Brunch restaurant, Breakfast restaurant, Cafe","317 Market St, Philadelphia, PA 19106",(215) 309-3140,http://www.3jscafephilly.com/,39.9504228,-75.14635559999999,"gluten free restaurants, vegan restaurants, vegetarian restaurants",Old City Philadelphia PA
ChIJ0ccPY57IxokRXIe8dz-wiwk,0x89c6c89e630fc7d1:0x98bb03f77bc875c,Tattooed Mom,4.6,2759.0,$10–20,Vegan restaurant,"Vegan restaurant, Event venue, Restaurant, Bar","530 South St, Philadelphia, PA 19147",(215) 238-9880,http://www.tattooedmomphilly.com/,39.941879899999996,-75.15183429999999,"vegan restaurants, vegetarian restaurants","Old City Philadelphia PA, South Philadelphia PA"
ChIJTSUdy4TIxokRSvsNBsm5SnU,0x89c6c884cb1d254d:0x754ab9c9060dfb4a,FRIEDA,4.6,783.0,$20–30,Cafe,"Cafe, Art studio, Bakery, Breakfast restaurant, Community center, Cookie shop, Cultural center, Modern European restaurant","320 Walnut St, Philadelphia, PA 19106",(215) 600-1291,http://www.friedaforgenerations.com/,39.9471206,-75.1470526,"gluten free restaurants, vegan restaurants, vegetarian restaurants",Old City Philadelphia PA
ChIJDakpzv3JxokRAiXuWydA6OU,0x89c6c9fdce29a90d:0xe5e840275bee2502,Café Couleur Banh mì,4.9,245.0,$10–20,Sandwich shop,"Sandwich shop, Coffee shop","323 Arch St, Philadelphia, PA 19106",(215) 370-7538,https://www.facebook.com/cafecouleurphilly,39.9524015,-75.1461989,"vegan restaurants, vegetarian restaurants",Old City Philadelphia PA
ChIJdzaue4_IxokR_zxAhKdu4dk,0x89c6c88f7bae3677:0xd9e16ea784403cff,La Famiglia Ristorante,4.6,444.0,$50–100,Italian restaurant,Italian restaurant,"8 S Front St, Philadelphia, PA 19106",(215) 922-2803,https://lafamiglia.com/,39.9493909,-75.1423166,Italian restaurants,Old City Philadelphia PA
ChIJsRPbNIXIxokREqsjrq7cP3Q,0x89c6c88534db13b1:0x743fdcaeae23ab12,Positano Coast by Aldo Lamberti,4.4,1875.0,$30–90,Italian restaurant,"Italian restaurant, Bar, Brunch restaurant, European restaurant, Mediterranean restaurant, Raw food restaurant, Restaurant, Seafood restaurant","212 Walnut St 2nd Floor, Philadelphia, PA 19106",(215) 238-0499,https://www.positanocoast.net/,39.9467646,-75.1446126,"Italian restaurants, gluten free restaurants",Old City Philadelphia PA
ChIJy16Re4fIxokRwISzWrWDxC0,0x89c6c8877b915ecb:0x2dc483b55ab384c0,Radicchio Cafe,4.6,617.0,$20–60,Italian restaurant,Italian restaurant,"402 Wood St, Philadelphia, PA 19106",(215) 627-6850,https://www.radicchiocafe.com/,39.9566191,-75.14626799999999,Italian restaurants,Old City Philadelphia PA
ChIJpYHl5ILIxokRtdxYWXsRafs,0x89c6c882e4e581a5:0xfb69117b5958dcb5,LaScala's FIRE - Center City,4.4,1682.0,$20–50,Italian restaurant,"Italian restaurant, American restaurant, Pizza restaurant, Restaurant","615 Chestnut St, Philadelphia, PA 19106",(215) 928-0900,https://www.lascalasfire.com/,39.9495328,-75.1521404,Italian restaurants,Old City Philadelphia PA
ChIJWYx1XY_IxokRdeJwgE_Gc54,0x89c6c88f5d758c59:0x9e73c64f8070e275,Panorama - Wine & Bar,4.5,670.0,$50–100,Italian restaurant,"Italian restaurant, Bar, Cocktail bar, Restaurant, Wine bar, Wine cellar","14 N Front St, Philadelphia, PA 19106",(215) 922-7800,https://www.panoramawinebar.com/,39.950220099999996,-75.142457,Italian restaurants,Old City Philadelphia PA
ChIJy1GBXJ3IxokRUnmWMh3RuQ8,0x89c6c89d5c8151cb:0xfb9d11d32967952,Buca D'oro Ristorante,4.4,436.0,$40–50,Italian restaurant,"Italian restaurant, Bar","711 Locust St, Philadelphia, PA 19106",(215) 928-0556,https://bucadororistorante.com/,39.9469907,-75.1540055,Italian restaurants,Old City Philadelphia PA
ChIJR_sXcZnIxokRI6dOYPg_CfU,0x89c6c8997117fb47:0xf5093ff8604ea723,La Nonna,4.7,317.0,$20–30,Italian restaurant,"Italian restaurant, Family restaurant","214 South St, Philadelphia, PA 19147",(267) 928-3262,http://ristorantelanonna.com/,39.9411821,-75.1461994,"Italian restaurants, gluten free restaurants, restaurants","Old City Philadelphia PA, South Philadelphia PA"
ChIJychkXBrGxokRF54kDJfKeUM,0x89c6c61a5c64c8c9:0x4379ca970c249e17,Palizzi Social Club,4.8,265.0,$50–90,Italian restaurant,"Italian restaurant, Bar, Cocktail bar","1408 S 12th St, Philadelphia, PA 19147",,https://palizzisocial.com/,39.932162399999996,-75.1644409,"Italian restaurants, restaurants","Old City Philadelphia PA, South Philadelphia PA"
ChIJSbgOWADJxokRzSBGLsEtQlA,0x89c6c900580eb849:0x50422dc12e4620cd,Casa Nostra,4.7,63.0,$30–40,Restaurant,Restaurant,"775 S Front St, Philadelphia, PA 19147",(215) 975-0055,http://casanostraphilly.com/,39.9378923,-75.1445057,Italian restaurants,Old City Philadelphia PA
ChIJkxn6Sz7JxokRcVWev1tVtDI,0x89c6c93e4bfa1993:0x32b4555bbf9e5571,Calandrino's Old City Vino,4.9,46.0,$10–20,Wine bar,"Wine bar, Wine store","110 N 2nd St, Philadelphia, PA 19106",(267) 930-7443,https://oldcityvino.com/,39.9523575,-75.14347889999999,Italian restaurants,Old City Philadelphia PA
ChIJlb6HA3PJxokReEbiwbzTJ90,0x89c6c9730387be95:0xdd27d3bcc1e24678,Tu Rinconcito,4.7,314.0,$10–20,Mexican restaurant,Mexican restaurant,"17 N 3rd St, Philadelphia, PA 19106",(445) 223-2733,https://turinconcitophilly.com/,39.9508207,-75.1453145,Mexican restaurants,Old City Philadelphia PA
ChIJ2S_KnDbJxokRv2NVyAMeNTk,0x89c6c9369cca2fd9:0x39351e03c85563bf,Buena Vista Mexican Restaurant & Bar,4.4,81.0,$10–40,Restaurant,Restaurant,"123 Chestnut St, Philadelphia, PA 19106",(445) 223-2049,https://buenavistamex.com/,39.9484534,-75.14374649999999,Mexican restaurants,Old City Philadelphia PA
ChIJm-0rzRzFxokRkOa9RKnfZb0,0x89c6c51ccd2bed9b:0xbd65dfa944bde690,La Catrachita Taqueria,4.7,163.0,$10–20,Mexican restaurant,Mexican restaurant,"209 Chestnut St, Philadelphia, PA 19106",(267) 690-7130,http://www.catrachitafoodtruck.com/,39.9485988,-75.144508,Mexican restaurants,Old City Philadelphia PA
ChIJN7-2s4LIxokRVjQKVQl6VzQ,0x89c6c882b3b6bf37:0x34577a09550a3456,El Fuego,4.3,445.0,$10–20,Mexican restaurant,"Mexican restaurant, American restaurant","723 Walnut St, Philadelphia, PA 19106",(267) 535-1828,http://www.elfuegophilly.com/,39.9481019,-75.1535617,Mexican restaurants,Old City Philadelphia PA
ChIJvSnqDHLJxokRSx_08nJY4uU,0x89c6c9720cea29bd:0xe5e25872f2f41f4b,Tamalex Bar & Grill,4.7,145.0,$20–60,Bar & grill,Bar & grill,"122 Lombard St, Philadelphia, PA 19147",(223) 228-4025,http://www.tamalexbarandgrill.com/,39.941923599999996,-75.1447558,Mexican restaurants,Old City Philadelphia PA
ChIJtdEhn43HxokRKtlRA-Osnn8,0x89c6c78d9f21d1b5:0x7f9eace30351d92a,Tacoteca Mexican Grill,4.8,1025.0,,Mexican restaurant,"Mexican restaurant, Fast food restaurant, Halal restaurant, Restaurant","1829 John F Kennedy Blvd, Philadelphia, PA 19103",(215) 964-9981,https://tacotecamexicangrill.toast.site/,39.954526099999995,-75.1710265,Mexican restaurants,"Old City Philadelphia PA, Rittenhouse Philadelphia PA, University City Philadelphia PA"
ChIJATJw_OfHxokRncxlbsTkCE8,0x89c6c7e7fc703201:0x4f08e4c46e65cc9d,El Caracol Mexican Grill,4.8,253.0,$20–30,Mexican restaurant,"Mexican restaurant, Mexican torta restaurant","469 N 10th St, Philadelphia, PA 19123",(215) 982-1082,https://elcaracolmexicangrillpa.com/,39.9606476,-75.1545656,Mexican restaurants,Old City Philadelphia PA
ChIJyZoMgNXHxokROWNWPSDxgIs,0x89c6c7d5800c9ac9:0x8b80f1203d566339,El Purepecha,4.5,912.0,$20–30,Mexican restaurant,"Mexican restaurant, Restaurant","315 N 12th St, Philadelphia, PA 19107",(215) 765-2369,https://order.toasttab.com/online/el-purepecha-315-north-12th-street,39.9581489,-75.1584024,Mexican restaurants,"Old City Philadelphia PA, Rittenhouse Philadelphia PA"
ChIJUceOdgDHxokRU5xBTGGuGlI,0x89c6c700768ec751:0x521aae614c419c53,La Jefa Café,4.8,228.0,$20–60,Mexican restaurant,Mexican restaurant,"1605 Latimer St, Philadelphia, PA 19103",(215) 475-5500,https://lajefaphilly.com/,39.948321899999996,-75.1680561,Mexican restaurants,"Old City Philadelphia PA, Rittenhouse Philadelphia PA"
ChIJaTO-zRbJxokRNQSq3hGFgpw,0x89c6c916cdbe3369:0x9c828511deaa0435,Mexitalian grill (B.Y.O.B.),4.7,379.0,$10–20,Mexican restaurant,"Mexican restaurant, Italian restaurant, Pasta shop, Taco restaurant","411-413 South St, Philadelphia, PA 19147",(267) 951-2674,https://www.mexitaliangrill.com/,39.941804999999995,-75.14955599999999,Mexican restaurants,Old City Philadelphia PA
ChIJ-9hqwUnHxokRU4rhIH3nX3Y,0x89c6c749c16ad8fb:0x765fe77d20e18a53,Raindrops Indian Restaurant,4.9,245.0,,Indian restaurant,"Indian restaurant, Restaurant","2749 N 47th St, Philadelphia, PA 19131",(215) 449-0040,https://raindropsindianrestaurant.com/,40.001577499999996,-75.2231516,Indian restaurants,"Old City Philadelphia PA, South Philadelphia PA, University City Philadelphia PA"
ChIJixm26MnJxokRgRysYTnAmvM,0x89c6c9c9e8b6198b:0xf39ac03961ac1c81,NIRVANA Indian Kitchen,4.5,181.0,,Indian restaurant,Indian restaurant,"795 S 3rd St, Philadelphia, PA 19147",(215) 606-1888,https://www.nirvanaindiankitchenpa.com/,39.9380056,-75.1481307,Indian restaurants,"Old City Philadelphia PA, South Philadelphia PA"
ChIJb6NEoTvJxokR5NFY9SpANWw,0x89c6c93ba144a36f:0x6c35402af558d1e4,Mei Mei Philadelphia,4.0,966.0,$50–100,Asian restaurant,"Asian restaurant, Asian fusion restaurant, Bar, Lounge bar","33 S 2nd St, Philadelphia, PA 19106",(215) 608-8405,https://meimeiphl.com/,39.9489924,-75.14384179999999,Chinese restaurants,Old City Philadelphia PA
ChIJPcs0JIDIxokRncwJbT6rmiA,0x89c6c8802434cb3d:0x209aab3e6d09cc9d,Ocean City Restaurant,4.2,551.0,$20–30,Chinese restaurant,"Chinese restaurant, Banquet hall, Dim sum restaurant","234 N 9th St, Philadelphia, PA 19107",(215) 829-0688,http://www.oceancityrestaurantphilly.com/,39.956291799999995,-75.154183,Chinese restaurants,Old City Philadelphia PA
ChIJFRlgacLJxokRypsmIjukACQ,0x89c6c9c269601915:0x2400a43b22269bca,Oishii Sushi & Ramen,4.8,490.0,$20–30,Ramen restaurant,"Ramen restaurant, Sushi restaurant","138 Chestnut St, Philadelphia, PA 19106",(215) 923-7800,https://oishiisr.com/,39.9483034,-75.1439515,Japanese restaurants,Old City Philadelphia PA
ChIJW0jPYcHJxokRqY0j-Ef6z6Q,0x89c6c9c161cf485b:0xa4cffa47f8238da9,Tomo Sushi & Ramen,4.6,828.0,$20–30,Sushi restaurant,"Sushi restaurant, Ramen restaurant","228 Arch St, Philadelphia, PA 19106",(267) 519-0209,http://tomosushiandramen.com/,39.9519097,-75.144334,Japanese restaurants,Old City Philadelphia PA
ChIJMTbhvoLIxokRea-9OEWHG_g,0x89c6c882bee13631:0xf81b874538bdaf79,Koto Sushi – Sushi & Hibachi Catering in Philadelphia,4.7,448.0,$20–30,Sushi restaurant,"Sushi restaurant, Asian restaurant, Japanese restaurant, Delivery Restaurant, Takeout Restaurant, Restaurant, Sushi takeaway","719 Sansom St #1Fl, Philadelphia, PA 19106",(267) 239-2250,http://www.kotosushipa.com/,39.9488815,-75.1532819,Japanese restaurants,Old City Philadelphia PA
ChIJU0N_firGxokRlerOKMoCBF8,0x89c6c62a7e7f4353:0x5f0402ca28ceea95,Megumi Japanese Ramen & Sushi Bar,4.5,802.0,$10–20,Japanese restaurant,"Japanese restaurant, Ramen restaurant, Sushi restaurant","915 Race St, Philadelphia, PA 19107",(215) 733-0128,https://www.megumisushi.com/,39.955475799999995,-75.15492689999999,Japanese restaurants,Old City Philadelphia PA
ChIJAxd1qxLHxokRCJn_TRCliuI,0x89c6c712ab751703:0xe28aa5104dff9908,Halal food near me Abdulhalalkitchen,4.6,73.0,$10–20,Halal restaurant,"Halal restaurant, Fast food restaurant","1318 Sansom St, Philadelphia, PA 19102",(267) 317-5731,https://instagram.com/halalkitchenphilly1?igshid=OGQ5ZDc2ODk2ZA==,39.950024899999995,-75.1628637,halal restaurants,"Old City Philadelphia PA, Rittenhouse Philadelphia PA"
ChIJyz-pklnHxokRTVAh1m_QZnI,0x89c6c75992a93fcb:0x7266d06fd621504d,HALAL FOOD TRUCK,5.0,25.0,$1–10,Halal restaurant,Halal restaurant,"201 S 11th St, Philadelphia, PA 19107",,,39.948226399999996,-75.15877739999999,halal restaurants,"Old City Philadelphia PA, Rittenhouse Philadelphia PA"
ChIJE8SLQCbHxokRvyjd-84H95c,0x89c6c726408bc413:0x97f707cefbdd28bf,Naseem Halal food,4.7,22.0,$1–10,Halal restaurant,Halal restaurant,"Philadelphia, PA 19146",,,39.9383082,-75.17183349999999,halal restaurants,"Old City Philadelphia PA, Rittenhouse Philadelphia PA, South Philadelphia PA"
ChIJi-geujvHxokRIUL9aNURrpw,0x89c6c73bba1ee88b:0x9cae11d568fd4221,Halal Gyro,5.0,11.0,$1–10,Halal restaurant,Halal restaurant,"South Broad Street &, Locust St, Philadelphia, PA 19107",(215) 917-3426,,39.9483179,-75.1647438,halal restaurants,"Old City Philadelphia PA, Rittenhouse Philadelphia PA"
ChIJVeEYIYTHxokREPIrxtJgjgU,0x89c6c7842118e155:0x58e60d2c62bf210,Halal By Iman,4.4,20.0,,Halal restaurant,Halal restaurant,"1016 Race St, Philadelphia, PA 19107",(267) 227-4918,https://www.instagram.com/halalbyiman/?hl=en,39.955174299999996,-75.1566294,halal restaurants,Old City Philadelphia PA
ChIJletEQezJxokRqPvjED2x7vY,0x89c6c9ec4144eb95:0xf6eeb13d10e3fba8,Tasty Haven Food Truck,4.8,50.0,$10–20,Halal restaurant,Halal restaurant,"199 Spring Garden St, Philadelphia, PA 19123",(215) 251-0393,http://www.tastyhaven.com/,39.9608288,-75.1412635,halal restaurants,Old City Philadelphia PA
ChIJD6OTfwfJxokRNkKwfuXG34A,0x89c6c9077f93a30f:0x80dfc6e57eb04236,Café Tolia,4.8,499.0,$10–20,Coffee shop,"Coffee shop, Breakfast restaurant, Brunch restaurant, Cafe, Lunch restaurant","26 N 3rd St, Philadelphia, PA 19106",(267) 687-2533,http://www.cafetolia.com/,39.9509946,-75.1458069,gluten free restaurants,Old City Philadelphia PA
ChIJiU9CT6TJxokRu1wWLoF6DZI,0x89c6c9a44f424f89:0x920d7a812e165cbb,Wood Fired Pizza by Oh Brother,4.6,373.0,$10–20,Pizza restaurant,Pizza restaurant,"212 Market St, Philadelphia, PA 19106",(215) 845-5902,http://woodfiredpizzabyohbrother.com/,39.949734299999996,-75.1442337,gluten free restaurants,Old City Philadelphia PA
ChIJAwOi1dvJxokRHd7xBp3nKz8,0x89c6c9dbd5a20303:0x3f2be79d06f1de1d,Oh Brother Philly,4.7,5602.0,$10–20,Cheesesteak restaurant,"Cheesesteak restaurant, American restaurant, Chicken restaurant, Delivery service, Fast food restaurant, Hamburger restaurant","206 Market St, Philadelphia, PA 19106",(215) 515-3255,http://www.ohbrotherphilly.com/,39.9496989,-75.1441608,gluten free restaurants,Old City Philadelphia PA
ChIJ__9rZoXIxokRZXxPHOGFeVE,0x89c6c885666bffff:0x517985e11c4f7c65,Glory Beer Bar & Kitchen,4.7,771.0,$20–30,Brewpub,"Brewpub, American restaurant, Bar","126 Chestnut St, Philadelphia, PA 19106",(267) 687-7878,http://www.gloryphilly.com/,39.9481117,-75.1435458,gluten free restaurants,Old City Philadelphia PA
ChIJ5dhFbafJxokRGMbaHlcNnZw,0x89c6c9a76d45d8e5:0x9c9d0d571edac618,Buk Chon Korean Cuisine,4.6,737.0,$10–20,Korean restaurant,"Korean restaurant, Restaurant","132 Chestnut St, Philadelphia, PA 19106",(215) 925-9998,http://www.bukchonkorean.com/,39.9482812,-75.1437351,gluten free restaurants,Old City Philadelphia PA
ChIJeQ0Y-33HxokRQ6dB4Opncyk,0x89c6c77dfb180d79:0x297367eae041a743,Bottega Rittenhouse,4.7,151.0,$10–20,Cafe,"Cafe, Breakfast restaurant, Pasta shop, Pastry shop, Sandwich shop","263 S 17th St, Philadelphia, PA 19103",(215) 690-5055,https://bottegarittenhouse.com/,39.9478904,-75.16942689999999,"Italian restaurants, gluten free restaurants, restaurants, vegetarian restaurants",Rittenhouse Philadelphia PA
ChIJBZC45TnGxokR_0zGxg5lWiM,0x89c6c639e5b89005:0x235a650ec6c64cff,Lacroix Restaurant at The Rittenhouse,4.3,357.0,$30–90,Restaurant,Restaurant,"210 W Rittenhouse Square, Philadelphia, PA 19103",(215) 790-2533,https://www.lacroixrestaurant.com/,39.949912499999996,-75.17364479999999,restaurants,Rittenhouse Philadelphia PA
ChIJTXp5cjrGxokRLfPNjcDBQRs,0x89c6c63a72797a4d:0x1b41c1c08dcdf32d,Parc,4.6,6556.0,$30–80,Restaurant,"Restaurant, American restaurant, Breakfast restaurant, Brunch restaurant, Family restaurant, French restaurant, Takeout Restaurant, Modern French restaurant","227 S 18th St, Philadelphia, PA 19103",(215) 545-2262,https://parc-restaurant.com/?utm_source=GoogleBusinessProfile&utm_medium=Website&utm_campaign=MapLabs,39.9491222,-75.170749,restaurants,Rittenhouse Philadelphia PA
ChIJCTJClDHGxokRyq9mPKfA1mc,0x89c6c63194423209:0x67d6c0a73c66afca,a.kitchen+bar,4.5,793.0,$40–100,Restaurant,"Restaurant, American restaurant, Bar, Wine bar","135 S 18th St, Philadelphia, PA 19103",(215) 825-7030,http://www.akitchenandbar.com/,39.950391599999996,-75.1704008,restaurants,Rittenhouse Philadelphia PA
ChIJCx6IljDGxokR_dB0RlZWQ3w,0x89c6c63096881e0b:0x7c4356564674d0fd,Tria Cafe Rittenhouse,4.7,638.0,$20–30,Restaurant,"Restaurant, Cafe, Wine bar","123 S 18th St, Philadelphia, PA 19103",(215) 972-8742,https://www.triaphilly.com/,39.9509481,-75.1704175,"gluten free restaurants, restaurants",Rittenhouse Philadelphia PA
ChIJbxwrQdLHxokROKx-NHJAoZg,0x89c6c7d2412b1c6f:0x98a14072347eac38,Little Water,4.5,196.0,$100+,Restaurant,Restaurant,"261 S 20th St, Philadelphia, PA 19103",(215) 337-3343,https://www.littlewaterphl.com/,39.9486084,-75.1740323,restaurants,Rittenhouse Philadelphia PA
ChIJCdP2YjrGxokRjI3k4o0E_uo,0x89c6c63a62f6d309:0xeafe048de2e48d8c,Rittenhouse Grill,4.5,682.0,$100+,Steak house,"Steak house, Restaurant","1701 Locust St, Philadelphia, PA 19103",(215) 772-1701,https://rittenhousegrill.com/,39.948991299999996,-75.1695577,restaurants,Rittenhouse Philadelphia PA
ChIJz4hVGTDGxokRYnn8nCLNB3k,0x89c6c630195588cf:0x7907cd229cfc7962,Oyster House,4.6,2716.0,$50–100,Seafood restaurant,"Seafood restaurant, Oyster bar restaurant, Restaurant","1516 Sansom St, Philadelphia, PA 19102",(215) 567-7683,http://oysterhousephilly.com/,39.9503258,-75.1665087,restaurants,Rittenhouse Philadelphia PA
ChIJ7SCFXlTHxokRcdR0vHyqwn4,0x89c6c7545e8520ed:0x7ec2aa7cbc74d471,Luna BYOB,4.7,183.0,$40–50,Italian restaurant,Italian restaurant,"227 S 20th St, Philadelphia, PA 19103",(215) 693-2220,https://lunabyob.com/,39.9496781,-75.1738043,"Italian restaurants, restaurants",Rittenhouse Philadelphia PA
ChIJhbVkbzDGxokRxnLVOvp28Ms,0x89c6c6306f64b585:0xcbf076fa3ad572c6,Dizengoff,4.5,1194.0,$20–50,Israeli restaurant,"Israeli restaurant, Restaurant","1625 Sansom St, Philadelphia, PA 19103",(215) 867-8181,http://www.dizengoffphilly.com/,39.950689499999996,-75.16826879999999,"restaurants, vegan restaurants, vegetarian restaurants",Rittenhouse Philadelphia PA
ChIJSaJnTGTHxokRT0KFsXzvMVw,0x89c6c7644c67a249:0x5c31ef7cb185424f,Restaurant Aleksandar,4.1,366.0,$50–100,European restaurant,"European restaurant, Brunch restaurant, Cocktail bar, Lunch restaurant, Modern European restaurant, Wine bar","126 S 19th St, Philadelphia, PA 19103",(215) 279-7738,http://www.restaurantaleksandar.com/,39.950949,-75.17233379999999,restaurants,Rittenhouse Philadelphia PA
ChIJF2izQn3HxokR6CFYWCnUHec,0x89c6c77d42b36817:0xe71dd429585821e8,20th Street Pizza,4.7,748.0,,Vegan restaurant,"Vegan restaurant, Pizza restaurant","108 S 20th St, Philadelphia, PA 19103",(215) 398-5748,https://20thstreet.pizza/,39.9517078,-75.1737131,"vegan restaurants, vegetarian restaurants",Rittenhouse Philadelphia PA
ChIJb0CfOujHxokRF3njrYShChI,0x89c6c7e83a9f406f:0x120aa184ade37917,Vegans Are Us Philly,4.8,26.0,,American restaurant,American restaurant,"1016-1018 Race St, Philadelphia, PA 19107",(215) 309-2239,https://vegansareusphilly.com/,39.955309299999996,-75.1566352,vegan restaurants,Rittenhouse Philadelphia PA
ChIJT0v4bjfGxokRgWwX_20r3Xc,0x89c6c6376ef84b4f:0x77dd2b6dff176c81,Melograno,4.5,469.0,$30–60,Italian restaurant,"Italian restaurant, Pasta shop, Restaurant, Seafood restaurant","2012 Sansom St, Philadelphia, PA 19103",(215) 875-8116,http://www.melogranophiladelphia.com/,39.9512509,-75.1741235,Italian restaurants,Rittenhouse Philadelphia PA
ChIJO8cqrjnGxokRCBLfsc56PsU,0x89c6c639ae2ac73b:0xc53e7aceb1df1208,D'Angelo's Ristorante Italiano,4.3,384.0,$30–40,Italian restaurant,"Italian restaurant, Bar, Takeout Restaurant","256 S 20th St, Philadelphia, PA 19103",(215) 546-3935,https://dangeloristorante.com/,39.9487373,-75.1743841,Italian restaurants,Rittenhouse Philadelphia PA
ChIJRZX8dzrGxokRjT88b2OBaZQ,0x89c6c63a77fc9545:0x946981636f3c3f8d,Pietro's Italian,4.4,1797.0,$20–30,Italian restaurant,"Italian restaurant, Bar, Pizza Takeout","1714 Walnut St, Philadelphia, PA 19103",(215) 735-8090,http://www.pietrospizza.com/,39.9499308,-75.169941,"Italian restaurants, gluten free restaurants",Rittenhouse Philadelphia PA
ChIJ_68vijvGxokR5M1A6b5y3iI,0x89c6c63b8a2fafff:0x22de72bee940cde4,Bistro La Baia BYOB,4.6,433.0,$20–30,Southern Italian restaurant,"Southern Italian restaurant, Italian restaurant, Mediterranean restaurant","1700 Lombard St, Philadelphia, PA 19146",(267) 687-1561,http://www.bistrolabaia.com/,39.9451755,-75.1702629,Italian restaurants,Rittenhouse Philadelphia PA
ChIJaz7tRIfHxokRTM5Vreju6is,0x89c6c78744ed3e6b:0x2beaeee8ad55ce4c,La Viola West,4.9,55.0,$30–70,Restaurant,Restaurant,"252 S 16th St, Philadelphia, PA 19102",(215) 735-8631,https://laviolaphiladelphia.com/,39.948011799999996,-75.1680247,Italian restaurants,"Rittenhouse Philadelphia PA, University City Philadelphia PA"
ChIJRcV7pmvHxokRchmLjQk2tbM,0x89c6c76ba67bc545:0xb3b536098d8b1972,L' Anima,4.7,307.0,$20–30,Italian restaurant,"Italian restaurant, Family restaurant, Organic restaurant, Pasta shop, Pizza restaurant, Roman restaurant, Seafood restaurant","1001 S 17th St, Philadelphia, PA 19146",(215) 595-2500,http://www.lanimaphiladelphia.com/,39.939457,-75.1712635,Italian restaurants,Rittenhouse Philadelphia PA
ChIJkxWlP_fHxokRwUmo2CPEW_0,0x89c6c7f73fa51593:0xfd5bc423d8a849c1,El Techo,4.0,490.0,$20–60,Mexican restaurant,"Mexican restaurant, Bar, Restaurant, Taco restaurant","1830 Ludlow St, Philadelphia, PA 19103",,https://www.condesaphilly.com/el-techo/,39.952463699999996,-75.171228,Mexican restaurants,Rittenhouse Philadelphia PA
ChIJPVLNm2rGxokRit-Q5ZCQUtc,0x89c6c66a9bcd523d:0xd7529090e590df8a,Los Camaradas,4.3,482.0,$20–30,Mexican restaurant,Mexican restaurant,"918 S 22nd St, Philadelphia, PA 19146",(215) 309-3727,http://www.loscamaradas.com/,39.9407959,-75.17973599999999,Mexican restaurants,"Rittenhouse Philadelphia PA, South Philadelphia PA, University City Philadelphia PA"
ChIJk73lx2nHxokRHe5KlTo3kD8,0x89c6c769c7e5bd93:0x3f90373a954aee1d,El Chingon Philly,4.7,586.0,$20–30,Mexican restaurant,Mexican restaurant,"1524 S 10th St, Philadelphia, PA 19147",(267) 239-2131,https://www.elchingonphilly.com/,39.9301165,-75.1616126,Mexican restaurants,"Rittenhouse Philadelphia PA, South Philadelphia PA"
ChIJeX-I1jnGxokRU0HJ7RUTmbs,0x89c6c639d6887f79:0xbb991315edc94153,Carolyn's Modern Vietnamese,4.4,507.0,$10–20,Mexican restaurant,"Mexican restaurant, Fine dining restaurant, Restaurant, Southeast Asian restaurant, Vietnamese restaurant","2015 Walnut St, Philadelphia, PA 19103",(267) 639-5681,https://www.therevolutiontaco.com/,39.9507589,-75.1743401,Mexican restaurants,Rittenhouse Philadelphia PA
ChIJUQCEzVDHxokRLszHkktOCFI,0x89c6c750cd840051:0x52084e4b92c7cc2e,Amma's South Indian Cuisine,4.4,586.0,$20–30,Indian restaurant,"Indian restaurant, Biryani restaurant, Caterer, Family restaurant, Restaurant, South Indian restaurant, Vegetarian restaurant","103 S 39th St Unit 3, Philadelphia, PA 19104",(808) 762-6627,https://ammasrestaurants.com/university-city?utm_source=google,39.954803,-75.19990489999999,Indian restaurants,"Rittenhouse Philadelphia PA, University City Philadelphia PA"
ChIJAQBc7TDGxokRwGqR7EoeUCw,0x89c6c630ed5c0001:0x2c501e4aec916ac0,Sura Indian Bistro,4.1,350.0,$20–70,Indian restaurant,"Indian restaurant, Bistro, Fine dining restaurant, Modern Indian restaurant, Restaurant","1726 Chestnut St, Philadelphia, PA 19103",(215) 478-8777,https://www.surabistro.com/,39.9513265,-75.16988289999999,Indian restaurants,"Rittenhouse Philadelphia PA, University City Philadelphia PA"
ChIJYTGuojLHxokR_UC9PPRiSmQ,0x89c6c732a2ae3161:0x644a62f43cbd40fd,Heng Feng Rittenhouse,3.6,45.0,$10–20,Restaurant,Restaurant,"274 S 20th St, Philadelphia, PA 19103",(215) 568-0088,https://squareonsquare.com/,39.948337599999995,-75.17451319999999,Chinese restaurants,Rittenhouse Philadelphia PA
ChIJO2-PQt3HxokRs2-nOgHwDN4,0x89c6c7dd428f6f3b:0xde0cf0013aa76fb3,Bao Nine,4.6,832.0,$10–20,Asian fusion restaurant,"Asian fusion restaurant, Asian restaurant, Lunch restaurant, Takeout Restaurant, Restaurant","38 S 19th St, Philadelphia, PA 19103",(215) 278-2270,https://order.baoninephilly.com/?gad_source=1&gad_campaignid=22476671927&gbraid=0AAAAA_Z5cyELkOH_PZPmzEE66Z-TATeVD&gclid=Cj0KCQjw_IXQBhCkARIsADqELbK0UJg826cC_Lre9KiI67w-PZ8Q_UTViiy6v2tLs-I3QzHjDy3b1bQaAoxPEALw_wcB,39.9523066,-75.1719804,Chinese restaurants,Rittenhouse Philadelphia PA
ChIJEVGRXSrGxokRhsQa5es9lqA,0x89c6c62a5d915111:0xa0963debe51ac486,M Kee,4.4,359.0,$10–20,Chinese restaurant,"Chinese restaurant, Asian restaurant, Restaurant","1002 Race St, Philadelphia, PA 19107",(215) 238-8883,,39.955328099999996,-75.1560961,Chinese restaurants,Rittenhouse Philadelphia PA
ChIJ7bduzDDGxokRudyZGoAtg3U,0x89c6c630cc6eb7ed:0x75832d801a99dcb9,Mandarin Palace,4.1,295.0,$10–20,Chinese restaurant,"Chinese restaurant, Asian restaurant, Poke bar, Sushi restaurant, Sushi takeaway, Thai restaurant","1835 Chestnut St, Philadelphia, PA 19103",(215) 557-6280,https://www.phillymandarinpalace.com/,39.952011999999996,-75.171615,Chinese restaurants,Rittenhouse Philadelphia PA
ChIJkZ3fFSrGxokRqaz2asKw1o8,0x89c6c62a15df9d91:0x8fd6b0c26af6aca9,Heng Feng Hand Drawn Noodles,4.3,768.0,$10–20,Chinese noodle restaurant,"Chinese noodle restaurant, Shanghainese restaurant","123 N 10th St, Philadelphia, PA 19107",(267) 457-5363,http://www.hengfengpa.com/,39.9542007,-75.15595139999999,Chinese restaurants,Rittenhouse Philadelphia PA
ChIJ42YRFSrGxokRRhtWRR_J_9k,0x89c6c62a151166e3:0xd9ffc91f45561b46,Spice C,4.6,1497.0,$10–20,Asian restaurant,"Asian restaurant, Chinese noodle restaurant, Delivery Chinese restaurant","131 N 10th St, Philadelphia, PA 19107",(215) 923-2222,https://spicectogo.com/,39.9543894,-75.1559632,Chinese restaurants,Rittenhouse Philadelphia PA
ChIJeeWanKDIxokRk9PiKeE7Fow,0x89c6c8a09c9ae579:0x8c163be129e2d393,Shing Kee,4.2,277.0,$10–30,Chinese restaurant,Chinese restaurant,"600 Washington Ave #18a, Philadelphia, PA 19147",(215) 644-8954,,39.935025599999996,-75.1549917,Chinese restaurants,"Rittenhouse Philadelphia PA, South Philadelphia PA"
ChIJSyBlw-jHxokRfTSSi4SK0iA,0x89c6c7e8c365204b:0x20d28a848b92347d,Grand Palace Restaurant,4.2,435.0,$20–30,Chinese restaurant,"Chinese restaurant, Dim sum restaurant, Seafood restaurant","600 Washington Ave #3B, Philadelphia, PA 19147",(215) 645-0079,http://www.grandpalacechineserestaurant.com/,39.934526399999996,-75.1546235,Chinese restaurants,"Rittenhouse Philadelphia PA, South Philadelphia PA"
ChIJRfqwYsvHxokRig1h7_t38PI,0x89c6c7cb62b0fa45:0xf2f077fbef610d8a,Dim Sum & Noodle,4.5,574.0,$10–20,Chinese restaurant,"Chinese restaurant, Cantonese restaurant, Delivery Chinese restaurant","2000 Hamilton St #104, Philadelphia, PA 19130",(215) 515-3992,https://www.dimsumandnoodle.com/,39.9623297,-75.1726782,Chinese restaurants,Rittenhouse Philadelphia PA
ChIJCWyBr2bHxokRRbfI9tnz848,0x89c6c766af816c09:0x8ff3f3d9f6c8b745,Uchi Philadelphia,4.6,234.0,,Sushi restaurant,"Sushi restaurant, Fine dining restaurant, Japanese restaurant","1620 Sansom St Suite C1, Philadelphia, PA 19103, United States",+1 215-647-7611,https://uchi.uchirestaurants.com/location/sushi-philadelphia/,39.9504772,-75.167765,Japanese restaurants,"Rittenhouse Philadelphia PA, University City Philadelphia PA"
ChIJkWyPEjzGxokRQoT3Fx__tu0,0x89c6c63c128f6c91:0xedb6ff1f17f78442,Kei Sushi Restaurant,4.8,486.0,,Sushi restaurant,"Sushi restaurant, Asian restaurant, Caterer, Gluten-free restaurant, Japanese restaurant, Seafood restaurant, Vegan restaurant, Vegetarian restaurant","1711 South St, Philadelphia, PA 19146, United States",+1 215-309-2925,https://keisushiphilly.net/?utm_source=google,39.944458,-75.17074629999999,Japanese restaurants,Rittenhouse Philadelphia PA
ChIJlf6dUADHxokRH2-gUmmh32I,0x89c6c700509dfe95:0x62dfa16952a06f1f,Fushimi,4.9,77.0,$10–20,Japanese restaurant,Japanese restaurant,"1625 Chestnut St space205, Philadelphia, PA 19103, United States",+1 267-595-7777,http://www.thefushimi.com/,39.9519352,-75.16715049999999,Japanese restaurants,Rittenhouse Philadelphia PA
ChIJ9blDiPfHxokRD7DSYFwOxBg,0x89c6c7f78843b9f5:0x18c40e5c60d2b00f,Oroshi Sushi Omakase,4.9,89.0,$60–70,Japanese restaurant,Japanese restaurant,"425 S Broad St, Philadelphia, PA 19147, United States",+1 215-220-6359,https://www.oroshisushiomakase.com/,39.9447611,-75.1650551,Japanese restaurants,"Rittenhouse Philadelphia PA, South Philadelphia PA"
ChIJnYJEdjfGxokR74CX7xEG7gk,0x89c6c6377644829d:0x9ee0611ef9780ef,Vic Sushi Bar,4.6,649.0,$20–30,Sushi restaurant,Sushi restaurant,"2035 Sansom St, Philadelphia, PA 19103, United States",+1 215-564-4339,http://vic-sushi.com/,39.951577,-75.17483399999999,Japanese restaurants,Rittenhouse Philadelphia PA
ChIJ8wFeYqrHxokRwbmLlw2L7GI,0x89c6c7aa625e01f3:0x62ec8b0d978bb9c1,Naruto Japanese & Asian Cuisine,4.8,41.0,$20–30,Asian restaurant,Asian restaurant,"1119 Walnut St, Philadelphia, PA 19107, United States",+1 215-309-2517,https://narutopa.com/,39.948873299999995,-75.15996919999999,Japanese restaurants,Rittenhouse Philadelphia PA
ChIJ16-cMI_HxokRVyZHvl5B7Gg,0x89c6c78f309cafd7:0x68ec415ebe472657,Kura Revolving Sushi Bar,4.1,869.0,$20–30,Japanese restaurant,Japanese restaurant,"1721 Chestnut St, Philadelphia, PA 19102, United States",+1 267-946-2300,https://kurasushi.com/locations/philadelphia-pa,39.9516965,-75.1696449,Japanese restaurants,Rittenhouse Philadelphia PA
ChIJ5WrI4TDGxokRISBp4qt7YjU,0x89c6c630e1c86ae5:0x35627babe2692021,Nom Nom Ramen,4.5,1180.0,$20–30,Ramen restaurant,Ramen restaurant,"20 S 18th St, Philadelphia, PA 19103, United States",+1 215-988-0898,http://www.nomnomramen.com/,39.952498999999996,-75.1702943,Japanese restaurants,Rittenhouse Philadelphia PA
ChIJJ83EAADHxokR_SKHDeHAzQ8,0x89c6c70000c4cd27:0xfcdc0e10d8722fd,The Halal Kitchen,4.3,3.0,,Arab restaurant,Arab restaurant,"300 S 13th St, Philadelphia, PA 19107",,,39.9504515,-75.1619085,halal restaurants,Rittenhouse Philadelphia PA
ChIJNyTb-0zHxokRr3Mqh7pfOQc,0x89c6c74cfbdb2437:0x7395fba872a73af,Ali’s Smash & Smoothies - Halal,4.8,37.0,,Fast food restaurant,Fast food restaurant,"30 S 12th St, Philadelphia, PA 19107",(610) 931-3731,,39.9508879,-75.1602075,halal restaurants,Rittenhouse Philadelphia PA
ChIJYaq7GezHxokR0fREhwf1r2g,0x89c6c7ec19bbaa61:0x68aff5078744f4d1,Asads Gyro Halal Food,5.0,2.0,,Food court,Food court,"2223 Chestnut St, Philadelphia, PA 19103",(267) 257-5789,https://www.facebook.com/share/1H5u3aoqAE/?mibextid=wwXIfr,39.9528621,-75.17789499999999,halal restaurants,Rittenhouse Philadelphia PA
ChIJ-YUHrn_HxokR_kviLk46z_E,0x89c6c77fae0785f9:0xf1cf3a4e2ee24bfe,Habib Halal Food,5.0,3.0,,Food court,Food court,"2000 Market St, Philadelphia, PA 19103",(551) 240-1784,,39.9532883,-75.1736466,halal restaurants,Rittenhouse Philadelphia PA
ChIJobjvpTnGxokRC4jBz-jJEh0,0x89c6c639a5efb8a1:0x1d12c9e8cfc1880b,The Bakeshop on Twentieth,4.6,464.0,,Bakery,"Bakery, Breakfast restaurant, Cafe, Cake shop, Caterer, Coffee shop, Gluten-free restaurant, Pastry shop, Sandwich shop, Vegetarian restaurant","269 S 20th St, Philadelphia, PA 19103",(215) 644-9714,https://bakeshopon20th.com/?utm_source=google,39.9484101,-75.174133,gluten free restaurants,Rittenhouse Philadelphia PA
ChIJoR1GoDrGxokRv-Q-mbn1Ml8,0x89c6c63aa0461da1:0x5f32f5b9993ee4bf,Real Food Eatery,4.5,477.0,$10–20,Health food restaurant,"Health food restaurant, Restaurant","207 S 16th St, Philadelphia, PA 19102",(215) 608-8941,http://www.realfoodeatery.com/,39.949494,-75.1674405,gluten free restaurants,Rittenhouse Philadelphia PA
ChIJZxT3zGDFxokRgKlA63fjgAE,0x89c6c560ccf71467:0x180e377eb40a980,Farina Pasta Bar,4.3,407.0,$10–20,Italian restaurant,"Italian restaurant, Gluten-free restaurant, Pasta shop, Salad shop","132 S 17th St, Philadelphia, PA 19103",(267) 984-3816,http://www.farinaphl.com/,39.950454799999996,-75.1690887,gluten free restaurants,Rittenhouse Philadelphia PA
ChIJXy_NYzfGxokRIyHA36UOjtI,0x89c6c63763cd2f5f:0xd28e0ea5dfc02123,Almaz Cafe,4.6,383.0,$20–30,Ethiopian restaurant,Ethiopian restaurant,"140 S 20th St, Philadelphia, PA 19103",(215) 557-0108,http://almazcafes.com/,39.9506648,-75.1739343,gluten free restaurants,Rittenhouse Philadelphia PA
ChIJXyrKehzHxokRyNnPbgANeEI,0x89c6c71c7aca2a5f:0x42780d006ecfd9c8,Louie Louie,4.2,1334.0,$20–80,American restaurant,American restaurant,"3611 Walnut St, Philadelphia, PA 19104",(267) 805-8585,http://louielouie.restaurant/,39.953458999999995,-75.196005,"Italian restaurants, gluten free restaurants, restaurants",University City Philadelphia PA
ChIJA9BZj1DGxokRIn0q5RahK9o,0x89c6c6508f59d003:0xda2ba116e52a7d22,White Dog Cafe - University City,4.4,2609.0,$20–30,American restaurant,American restaurant,"3420 Sansom St, Philadelphia, PA 19104",(215) 386-9224,https://whitedog.com/universitycity/,39.9535481,-75.1929486,"gluten free restaurants, restaurants",University City Philadelphia PA
ChIJuf99dZbHxokR5mujxAjES4o,0x89c6c796757dffb9:0x8a4bc408c4a36be6,Wonder University City,4.0,131.0,$10–20,Restaurant,Restaurant,"3925 Walnut St, Philadelphia, PA 19104",(855) 818-5755,https://www.wonder.com/order/university-city,39.95424,-75.20119,"gluten free restaurants, restaurants",University City Philadelphia PA
ChIJufUgjL_HxokRHjtaw5yvo3s,0x89c6c7bf8c20f5b9:0x7ba3af9cc35a3b1e,LaScala's FIRE - University City,4.3,428.0,$20–60,Restaurant,"Restaurant, Italian restaurant","3200 Chestnut St, Philadelphia, PA 19104",(215) 397-4481,https://lascalasfire.com/,39.9539064,-75.1892385,"Italian restaurants, gluten free restaurants, restaurants",University City Philadelphia PA
ChIJoWUGiFDGxokRdLTsrPnVAT0,0x89c6c650880665a1:0x3d01d5f9acecb474,New Deck Tavern,4.4,1502.0,$20–30,Irish pub,"Irish pub, American restaurant, Pub","3408 Sansom St, Philadelphia, PA 19104",(215) 386-4600,http://www.newdecktavern.com/,39.953556999999996,-75.19255,restaurants,University City Philadelphia PA
ChIJe4XbJVDGxokReZKEED7Ojys,0x89c6c65025db857b:0x2b8fce3e10849279,CO-OP Restaurant & Bar,4.0,516.0,$20–60,American restaurant,"American restaurant, New American restaurant","20 S 33rd St, Philadelphia, PA 19104",(215) 398-1874,https://www.coopphilly.com/,39.9542729,-75.19004009999999,"gluten free restaurants, restaurants",University City Philadelphia PA
ChIJ2zLzkIHHxokReRRwR-sE10E,0x89c6c78190f332db:0x41d704eb47701479,The Board and Brew,4.3,421.0,,Restaurant,"Restaurant, American restaurant, Board game club, Breakfast restaurant, Brunch restaurant, Cafe, Coffee shop, Sandwich shop","3200 Chestnut St, Philadelphia, PA 19104",(267) 857-0229,https://theboardandbrew.com/philadelphia?utm_source=google,39.9539064,-75.1892385,"gluten free restaurants, restaurants",University City Philadelphia PA
ChIJVe6vTfbGxokRLGsTOsmpLpw,0x89c6c6f64dafee55:0x9c2ea9c93a136b2c,Copabanana University City,4.1,1925.0,$20–30,Mexican restaurant,"Mexican restaurant, Hamburger restaurant, Takeout Restaurant, Restaurant","4000 Spruce St, Philadelphia, PA 19104",(215) 382-1330,http://www.copabananauc.com/,39.951633099999995,-75.2033383,"Mexican restaurants, restaurants",University City Philadelphia PA
ChIJCW75x1HGxokR3vEgaoFQKsw,0x89c6c651c7f96e09:0xcc2a50816a20f1de,Landmark Americana University City,4.0,1864.0,$10–50,American restaurant,"American restaurant, Bar & grill, Restaurant, Sports bar","3333 Market St, Philadelphia, PA 19104",(215) 222-4500,http://www.landmarkamericana.com/,39.9558821,-75.1905026,restaurants,University City Philadelphia PA
ChIJXbSbjPDGxokRzbk5ajoBNbI,0x89c6c6f08c9bb45d:0xb235013a6a39b9cd,Renata's Kitchen,4.4,1126.0,$20–30,Mediterranean restaurant,"Mediterranean restaurant, Bar, Brunch restaurant, Small plates restaurant","3940 Baltimore Ave, Philadelphia, PA 19104",(267) 275-8254,http://www.renatas-kitchen.com/,39.9497224,-75.2030875,"gluten free restaurants, restaurants, vegetarian restaurants",University City Philadelphia PA
ChIJAUdEcfjGxokRGdEc94ZBvWc,0x89c6c6f871444701:0x67bd4186f71cd119,Dim Sum House by Jane G's - University City,4.4,1238.0,$20–30,Chinese restaurant,"Chinese restaurant, Dim sum restaurant, Restaurant","3939 Chestnut St 2nd Floor, Philadelphia, PA 19104",(215) 921-5377,http://www.dimsum.house/,39.955727599999996,-75.2018099,"Chinese restaurants, restaurants",University City Philadelphia PA
ChIJHdv9PfDGxokRGdo1r9bwI0U,0x89c6c6f03dfddb1d:0x4523f0d6af35da19,Abyssinia,4.2,966.0,$20–30,Ethiopian restaurant,Ethiopian restaurant,"229 S 45th St, Philadelphia, PA 19104",(215) 387-2424,http://www.abyssiniabarandrestaurant.com/,39.9541751,-75.21170029999999,restaurants,University City Philadelphia PA
ChIJifIAP0zHxokReqk1GJFaWpY,0x89c6c74c3f00f289:0x965a5a911835a97a,Gather Food Hall & Bulletin Bar,4.4,56.0,$10–20,Restaurant,"Restaurant, Bar","3025 Market St, Philadelphia, PA 19104",(267) 222-4330,https://www.gatherfoodhall.com/,39.9554712,-75.1840564,restaurants,University City Philadelphia PA
ChIJ6_xHq0jGxokR7ccgMwIHlns,0x89c6c648ab47fceb:0x7b9607023320c7ed,Walnut Street Cafe,4.2,826.0,$20–30,New American restaurant,"New American restaurant, Brunch restaurant, Cafe, Cocktail bar","2929 Walnut St, Philadelphia, PA 19104",(215) 867-8067,http://www.walnutstreetcafe.com/,39.9519594,-75.1838368,"gluten free restaurants, restaurants",University City Philadelphia PA
ChIJj8Rck_fGxokRUgegoueX-Xw,0x89c6c6f7935cc48f:0x7cf997e7a2a00752,Greek Lady,4.3,1511.0,,Greek restaurant,"Greek restaurant, Breakfast restaurant, Brunch restaurant, Caterer, Chicken shop, Gyro restaurant, Mediterranean restaurant, Salad shop, Sandwich shop, Vegetarian restaurant","222 S 40th St, Philadelphia, PA 19104",(215) 382-2600,https://greeklady.com/?utm_source=google,39.9533601,-75.20295759999999,restaurants,University City Philadelphia PA
ChIJ1dOB57nHxokR4NcCha3sVrY,0x89c6c7b9e781d3d5:0xb656ecad8502d7e0,Dig Inn,4.6,589.0,$10–20,American restaurant,"American restaurant, Caterer, Health food restaurant, Takeout Restaurant, Vegetarian restaurant","140 S 36th St, Philadelphia, PA 19104",(267) 298-4003,https://www.diginn.com/,39.9536662,-75.1950422,"gluten free restaurants, restaurants, vegan restaurants, vegetarian restaurants",University City Philadelphia PA
ChIJ_U0V4VbGxokR1Wld0GVIjrY,0x89c6c656e1154dfd:0xb68e4865d05d69d5,Han Dynasty University City,4.3,1530.0,$20–30,Chinese restaurant,"Chinese restaurant, Restaurant","3711 Market St, Philadelphia, PA 19104",(215) 222-3711,http://www.handynasty.net/,39.956727,-75.197104,"Chinese restaurants, restaurants",University City Philadelphia PA
ChIJRe13FvLGxokRIgnDmRvovvs,0x89c6c6f21677ed45:0xfbbee81b99c30922,Clarkville,4.3,664.0,$20–30,Pizza restaurant,"Pizza restaurant, Bar, Restaurant","4301 Baltimore Ave, Philadelphia, PA 19104",(215) 387-4992,http://www.clarkvillephilly.com/,39.9496791,-75.2093732,"gluten free restaurants, restaurants",University City Philadelphia PA
ChIJ43PcY1LGxokRqo2baR6epGs,0x89c6c65263dc73e3:0x6ba49e1e699b8daa,Sabrina's Cafe,4.5,2756.0,$10–20,Restaurant,"Restaurant, Breakfast restaurant, Brunch restaurant, Lunch restaurant, Delivery Restaurant, Takeout Restaurant, New American restaurant, Cafe","227 N 34th St, Philadelphia, PA 19104",(215) 222-1022,http://www.sabrinascafe.com/,39.959969099999995,-75.1906236,restaurants,University City Philadelphia PA
ChIJs6wZh7nHxokRNiwefmxuzTA,0x89c6c7b98719acb3:0x30cd6e6c7e1e2c36,University Fair Food Co,3.5,201.0,$10–20,Restaurant,"Restaurant, Food court","3300 Fairmount Ave, Philadelphia, PA 19104",,https://universitycityfairfood.com/,39.9662419,-75.1910217,restaurants,University City Philadelphia PA
ChIJU6Y4HevGxokROlq7G4EsYew,0x89c6c6eb1d38a653:0xec612c811bbb5a3a,Hibiscus Cafe,4.7,751.0,$10–20,Vegan restaurant,"Vegan restaurant, Cafe, Health food restaurant, Juice shop, Vegetarian restaurant","4907 Catharine St, Philadelphia, PA 19143",(215) 307-3749,,39.9484461,-75.22155339999999,"vegan restaurants, vegetarian restaurants","South Philadelphia PA, University City Philadelphia PA"
ChIJZ1ur54PHxokRdOfjcRud2l0,0x89c6c783e7ab5b67:0x5dda9d1b71e3e774,Bowl'd Masala,4.5,46.0,$10–20,Health food restaurant,Health food restaurant,"One Drexel Plaza, Market St, Philadelphia, PA 19104",(484) 362-3044,https://ordering-bowldmasala.com/,39.9553193,-75.1840692,"vegan restaurants, vegetarian restaurants",University City Philadelphia PA
ChIJXzRwBoXHxokRotX47UWFOZc,0x89c6c7850670345f:0x97398545edf8d5a2,"""Vegan•ish""",4.1,454.0,$10–20,Vegan restaurant,"Vegan restaurant, Health food restaurant, Delivery Restaurant, Takeout Restaurant, Seafood restaurant, Vegetarian restaurant","1214 N 52nd St, Philadelphia, PA 19131",(267) 969-5965,http://www.veganishphilly.com/,39.9718574,-75.2262116,"vegan restaurants, vegetarian restaurants",University City Philadelphia PA
ChIJfcrljxbHxokRcuNqUTqiI-0,0x89c6c7168fe5ca7d:0xed23a23a516ae372,Cosmi's Vegan M.T.O.,4.7,11.0,$10–20,Vegan restaurant,"Vegan restaurant, Cheesesteak restaurant, Restaurant","3300 Fairmount Ave, Philadelphia, PA 19104",(215) 642-0059,,39.966166199999996,-75.1910336,vegan restaurants,University City Philadelphia PA
ChIJCYDscZvHxokRlNkFkXE5rpQ,0x89c6c79b71ec8009:0x94ae39719105d994,Buna Cafe Philly,4.7,197.0,$10–20,Ethiopian restaurant,"Ethiopian restaurant, American restaurant, Brunch restaurant, Cafe, Coffee shop, Event venue","5121 Baltimore Ave, Philadelphia, PA 19143",(610) 615-8575,http://bunacafephilly.com/,39.9479676,-75.22624449999999,vegan restaurants,University City Philadelphia PA
ChIJxw2LVOzGxokRYb9mHBQpOQ4,0x89c6c6ec548b0dc7:0xe3929141c66bf61,Mood Cafe,4.7,418.0,$10–20,Pakistani restaurant,"Pakistani restaurant, Cafe, Restaurant","4618 Baltimore Ave, Philadelphia, PA 19143",(215) 222-1037,,39.9486449,-75.2158432,"Indian restaurants, vegan restaurants, vegetarian restaurants",University City Philadelphia PA
ChIJQWnpVI25xokR7inv1KhhAoY,0x89c6b98d54e96941:0x860261a8d4ef29ee,More life,4.7,107.0,,Restaurant,Restaurant,"2035 Church Ln, Philadelphia, PA 19138",(267) 331-8696,,40.046313999999995,-75.15515309999999,vegetarian restaurants,University City Philadelphia PA
ChIJsTSGghrGxokRI2egPU4sCOI,0x89c6c61a828634b1:0xe2082c4e3da06723,The Victor Café,4.8,1924.0,,Italian restaurant,"Italian restaurant, Bar","1303 Dickinson St, Philadelphia, PA 19147",(215) 468-3040,http://victorcafe.com/,39.93163,-75.1663147,"Italian restaurants, restaurants","South Philadelphia PA, University City Philadelphia PA"
ChIJwTAaFjrHxokRa9dkh2vcCWw,0x89c6c73a161a30c1:0x6c09dc6b8764d76b,Corio,4.4,61.0,,Italian restaurant,"Italian restaurant, Bar, Restaurant, Pizza restaurant","3675 Market St, Philadelphia, PA 19104",(267) 969-5359,https://www.coriophilly.com/,39.9565555,-75.1954958,Italian restaurants,University City Philadelphia PA
ChIJ0ZeW3ibHxokRaD4xatvRgf0,0x89c6c726de9697d1:0xfd81d1db6a313e68,Fiorella Pasta,4.7,964.0,,Italian restaurant,Italian restaurant,"817 Christian St, Philadelphia, PA 19147",(215) 305-9222,https://fiorellaphilly.com/,39.9388781,-75.15695029999999,Italian restaurants,"South Philadelphia PA, University City Philadelphia PA"
ChIJsa4JeCDGxokRNQIGOE23MRg,0x89c6c6207809aeb1:0x1831b74d38060235,Saloon Restaurant,4.7,869.0,,Italian restaurant,"Italian restaurant, Steak house","750 S 7th St, Philadelphia, PA 19147",(215) 627-1811,https://www.saloonrestaurant.net/,39.9398657,-75.15456089999999,Italian restaurants,University City Philadelphia PA
ChIJZdFWIaPHxokRuvGXzjJqY6g,0x89c6c7a32156d165:0xa8636a32ce97f1ba,Cucina Maria South Philly,4.5,358.0,,Italian restaurant,"Italian restaurant, Restaurant","768 S 8th St, Philadelphia, PA 19147",(215) 408-0020,,39.9397045,-75.1562596,"Italian restaurants, gluten free restaurants, restaurants","South Philadelphia PA, University City Philadelphia PA"
ChIJpRSVsyHGxokRLeI3WrYnS74,0x89c6c621b39514a5:0xbe4b27b65a37e22d,Ralph's Italian Restaurant,4.4,1892.0,,Italian restaurant,"Italian restaurant, Bar","760 S 9th St, Philadelphia, PA 19147",(215) 627-6011,http://www.ralphsrestaurant.com/,39.9400616,-75.1578533,Italian restaurants,"South Philadelphia PA, University City Philadelphia PA"
ChIJs2Gb5nXHxokR46EyTqUTWFU,0x89c6c775e69b61b3:0x555813a54e32a1e3,Holy Guacamoly (University City),4.9,46.0,,Mexican restaurant,"Mexican restaurant, Halal restaurant","3737 Lancaster Ave, Philadelphia, PA 19104",(724) 415-3535,https://holyguacamolyphilly.com/,39.9602739,-75.1965553,Mexican restaurants,University City Philadelphia PA
ChIJ61pCtuTHxokRZ0asT88GMB4,0x89c6c7e4b6425aeb:0x1e3006cf4fac4667,Cholula Mexican Grill,4.9,116.0,$10–20,Mexican restaurant,"Mexican restaurant, Takeout Restaurant, Spanish restaurant, Taco restaurant","134 N 52nd St, Philadelphia, PA 19139",(267) 969-3913,https://cholulamexicangrillincpa.com/,39.962488,-75.22467189999999,Mexican restaurants,University City Philadelphia PA
ChIJIZXZUbLHxokRkF3e5BlSCpM,0x89c6c7b251d99521:0x930a5219e4de5d90,Palmita,4.9,30.0,$10–20,Mexican restaurant,"Mexican restaurant, Box lunch supplier, Californian restaurant, Catering food and drink supplier, Caterer, Gluten-free restaurant, Delivery Restaurant, Takeout Restaurant, Tex-Mex restaurant, Vegetarian restaurant","3300 Fairmount Ave, Philadelphia, PA 19104",(267) 437-7787,https://eatpalmita.com/,39.966166199999996,-75.19103369999999,"Mexican restaurants, gluten free restaurants",University City Philadelphia PA
ChIJc434JI_HxokRPXATk77hLzw,0x89c6c78f24f88d73:0x3c2fe1be9313703d,TACOTACOMEXICANO,4.7,431.0,$10–20,Mexican restaurant,Mexican restaurant,"261 S 44th St, Philadelphia, PA 19104",(215) 921-2140,http://tacotacomexicano.com/,39.95323,-75.2102762,Mexican restaurants,University City Philadelphia PA
ChIJe3UgJfDHxokR2xpaq9MHcrs,0x89c6c7f02520757b:0xbb7207d3ab5a1adb,La Chinesca,4.4,706.0,$20–50,Mexican restaurant,"Mexican restaurant, Bar, Restaurant","1036 Spring Garden St, Philadelphia, PA 19123",(267) 838-9688,https://www.lachinescaphl.com/,39.961413799999995,-75.1560202,Mexican restaurants,University City Philadelphia PA
ChIJm15vHE_GxokRCzai0WwKiCQ,0x89c6c64f1c6f5e9b:0x24880a6cd1a2360b,Cucina Zapata,4.8,293.0,$10–20,Mexican restaurant,Mexican restaurant,"3103 Ludlow St, Philadelphia, PA 19104",,,39.9543421,-75.18567759999999,Mexican restaurants,University City Philadelphia PA
ChIJyQp0FfjGxokRb8SXEFjMVK4,0x89c6c6f815740ac9:0xae54cc581097c46f,New Delhi Indian Restaurant,4.1,1410.0,$20–30,Indian restaurant,"Indian restaurant, Buffet restaurant","4004 Chestnut St, Philadelphia, PA 19104",(215) 386-1941,http://www.newdelhiweb.com/,39.955399199999995,-75.20264159999999,Indian restaurants,"South Philadelphia PA, University City Philadelphia PA"
ChIJhcI7rlHGxokR_NZYi3N-1hQ,0x89c6c651ae3bc285:0x14d67e738b58d6fc,Nafi Food Express,4.8,301.0,$1–10,Indian restaurant,"Indian restaurant, Halal restaurant","3400 Market St, Philadelphia, PA 19104",(267) 334-5830,,39.955912,-75.1927314,Indian restaurants,University City Philadelphia PA
ChIJv6_tFvjGxokR0gHGJu-4YvI,0x89c6c6f816edafbf:0xf262b8ef26c601d2,Ekta Indian Cuisine,3.9,540.0,$20–30,Indian restaurant,"Indian restaurant, Family restaurant, Restaurant, South Asian restaurant","106 S 40th St, Philadelphia, PA 19104",(215) 222-7122,https://www.ektaindiancuisine.com/universitycity,39.9551194,-75.2025082,Indian restaurants,University City Philadelphia PA
ChIJJfscBCTHxokRg7tUF48pyII,0x89c6c724041cfb25:0x82c8298f1754bb83,Halal Heaven LLC,4.9,91.0,$1–10,Indian restaurant,"Indian restaurant, Bangladeshi restaurant, Halal restaurant, Delivery Restaurant, Takeout Restaurant, Mediterranean restaurant, Pakistani restaurant, Restaurant","4257 Woodland Ave, Philadelphia, PA 19104",(215) 667-4579,https://www.order.store/store/halal-heaven/bdimTWY7XCOq_GA30PCeFg,39.946040499999995,-75.2081485,"Indian restaurants, halal restaurants","South Philadelphia PA, University City Philadelphia PA"
ChIJpQY6yNvHxokRc-wZC7DflhI,0x89c6c7dbc83a06a5:0x1296dfb00b19ec73,Namaste Indian Bistro,4.9,30.0,$10–20,Indian restaurant,Indian restaurant,"4626 Lancaster Ave, Philadelphia, PA 19131",,https://namasteindianbistro.com/,39.9711184,-75.2156163,Indian restaurants,University City Philadelphia PA
ChIJ2TKk0qDHxokRXaQhPN6SNxM,0x89c6c7a0d2a432d9:0x133792de3c21a45d,Best China Inn,4.4,64.0,$30–40,Chinese restaurant,Chinese restaurant,"4423 Locust St, Philadelphia, PA 19104",(215) 222-2203,https://www.smorefood.com/order-online/best-china-inn-philadelphia-19104-c1e5hd16?utm_source=gmb&utm_medium=website,39.9541433,-75.2113372,Chinese restaurants,University City Philadelphia PA
ChIJAxve7VPGxokRhjxuxx6I5Ms,0x89c6c653edde1b03:0xcbe4881ec76e3c86,Chengdu Famous Food 成都名吃,4.2,499.0,$20–30,Chinese restaurant,"Chinese restaurant, Sichuan restaurant, Vegetarian restaurant","3635 Lancaster Ave, Philadelphia, PA 19104",,http://www.chengduphilly.com/,39.9591906,-75.1944702,Chinese restaurants,University City Philadelphia PA
ChIJi_rdt5HHxokRgKL5KwSeulc,0x89c6c791b7ddfa8b:0x57ba9e042bf9a280,Sang Kee Noodle House,3.9,353.0,$20–30,Chinese restaurant,"Chinese restaurant, Dim sum restaurant, Restaurant","3549 Chestnut St, Philadelphia, PA 19104",(215) 387-8808,http://sangkeenoodlehouse.com/,39.954757,-75.1940752,Chinese restaurants,University City Philadelphia PA
ChIJWw6dBG_HxokRwNzlIlN3V38,0x89c6c76f049d0e5b:0x7f57775322e5dcc0,Lucky Garden,4.8,23.0,$10–20,Chinese restaurant,Chinese restaurant,"740 S 51st St, Philadelphia, PA 19143",(215) 883-0259,https://www.luckygardenpennsylvania.com/,39.947205,-75.2250593,Chinese restaurants,University City Philadelphia PA
ChIJabJF9i_HxokRXpabTrY5TG0,0x89c6c72ff645b269:0x6d4c39b64e9b965e,"Nan Xiang Express - University City, PA",4.3,126.0,$10–20,Chinese restaurant,"Chinese restaurant, Breakfast restaurant, Dim sum restaurant, Dumpling restaurant, Fast food restaurant, Lunch restaurant, Shanghainese restaurant","3720 Chestnut St 1st Floor, #A, Philadelphia, PA 19104",(215) 970-7897,https://nanxiangexpress.com/,39.9548671,-75.1975649,Chinese restaurants,University City Philadelphia PA
ChIJwXUi-_jGxokRVeBOdhzAPjs,0x89c6c6f8fb2275c1:0x3b3ec01c764ee055,Asian Garden,3.8,91.0,$10–20,Chinese restaurant,Chinese restaurant,"4047 Market St, Philadelphia, PA 19104",(215) 222-8888,,39.957637299999995,-75.2036248,Chinese restaurants,University City Philadelphia PA
ChIJ1Zi3HE_GxokRqJ7sn_o2xKc,0x89c6c64f1cb798d5:0xa7c436fa9fec9ea8,Mai's Oriental Food,4.7,15.0,$1–10,Chinese restaurant,Chinese restaurant,"3101-3141 Ludlow St, Philadelphia, PA 19104",,,39.9544188,-75.18623099999999,Chinese restaurants,University City Philadelphia PA
ChIJcT6VZFfGxokR2p3Y2NGVDzA,0x89c6c65764953e71:0x300f95d1d8d89dda,Kim's Oriental Foods,4.7,43.0,$1–10,Chinese restaurant,Chinese restaurant,"Walnut St, Philadelphia, PA 19104",(717) 238-3405,,39.9539279,-75.1975318,Chinese restaurants,University City Philadelphia PA
ChIJKTUrxKzHxokR5D7XiI0yOUk,0x89c6c7acc42b3529:0x4939328d88d73ee4,Dynasty,3.9,63.0,$1–10,Chinese restaurant,Chinese restaurant,"3511 Haverford Ave, Philadelphia, PA 19104",(215) 382-3639,,39.9639993,-75.1935711,Chinese restaurants,University City Philadelphia PA
ChIJ7ZmSx-rGxokR2VtQa8KWUm4,0x89c6c6eac79299ed:0x6e5296c26b505bd9,Choy Wong Kitchen,4.1,261.0,$10–20,Chinese restaurant,"Chinese restaurant, American restaurant","708 S 50th St #1631, Philadelphia, PA 19143",(215) 476-9645,,39.947565999999995,-75.223045,Chinese restaurants,University City Philadelphia PA
ChIJ9YF0UADHxokRYNZZATUomgY,0x89c6c700507481f5:0x69a28350159d660,Trieu's Chinese Food,4.7,9.0,,Chinese takeaway,Chinese takeaway,"51 N 39th St #515, Philadelphia, PA 19104",,,39.9572022,-75.1993674,Chinese restaurants,University City Philadelphia PA
ChIJ4-xA6AHHxokR18MP0_FVjYI,0x89c6c701e840ece3:0x828d55f1d30fc3d7,Great Taste,4.2,92.0,$10–20,Chinese restaurant,Chinese restaurant,"4101 Lancaster Ave, Philadelphia, PA 19104",(215) 222-8880,,39.9654005,-75.20568999999999,Chinese restaurants,University City Philadelphia PA
ChIJT0E0NMrHxokRUKcdwdBau_k,0x89c6c7ca3434414f:0xf9bb5ad0c11da750,"Chili Szechuan, 川流不息",4.5,130.0,$10–20,Chinese restaurant,"Chinese restaurant, Restaurant, Sichuan restaurant","4626 Baltimore Ave, Philadelphia, PA 19143",(215) 386-9888,https://www.chiliszechuan.com/,39.948523699999996,-75.2162623,Chinese restaurants,University City Philadelphia PA
ChIJqcXNcarHxokRpZ8mFHB_XXE,0x89c6c7aa71cdc5a9:0x715d7f7014269fa5,Hualai Chinese Restaurant,4.3,31.0,$10–20,Restaurant,Restaurant,"Pennsylvania, Philadelphia, Walnut St, 邮政编码: 19139",(215) 472-1908,,39.9566774,-75.2251277,Chinese restaurants,University City Philadelphia PA
ChIJyd3aAk_GxokRzqsaG7BeAQo,0x89c6c64f02daddc9:0xa015eb01b1aabce,Kim's Dragon Asian Food,4.2,27.0,$1–10,Chinese restaurant,Chinese restaurant,"3101-3141 Ludlow St, Philadelphia, PA 19104",,,39.9543769,-75.18589539999999,Chinese restaurants,University City Philadelphia PA
ChIJ-fhwfADHxokRHJN7hslB_CE,0x89c6c7007c70f8f9:0x21fc41c9867b931c,Urban Sushi & Kitchen,4.7,192.0,$10–30,Japanese restaurant,Japanese restaurant,"4508 Walnut St, Philadelphia, PA 19139",(267) 688-5661,https://urbansushiphilly.com/,39.9550413,-75.2121755,Japanese restaurants,University City Philadelphia PA
ChIJT6Taj_HHxokRYlgyd7Fhy4A,0x89c6c7f18fdaa44f:0x80cb61b177325862,Maki-University city,4.7,83.0,$10–20,Sushi restaurant,"Sushi restaurant, Poke bar","3925 Walnut St Ste 136, Philadelphia, PA 19104",(267) 292-2349,https://phillymaki.vook.at/,39.954269,-75.2015359,Japanese restaurants,University City Philadelphia PA
ChIJ_bjPr97HxokR7lPDTSQHOOA,0x89c6c7deafcfb8fd:0xe03807244dc353ee,Kumo Sushi,4.6,55.0,$10–20,Sushi restaurant,Sushi restaurant,"17 S 43rd St, Philadelphia, PA 19104",(215) 382-8100,https://www.kumosushipa.com/s75wn6jl/kumo-sushi-philadelphia-19104/order-online,39.957222099999996,-75.2080655,Japanese restaurants,University City Philadelphia PA
ChIJuckEDEHHxokRoWYrN8dQrb8,0x89c6c7410c04c9b9:0xbfad50c7372b66a1,Tampopo,4.5,126.0,$10–20,Japanese restaurant,"Japanese restaurant, Korean restaurant","269 S 44th St, Philadelphia, PA 19104",(215) 386-3866,https://tampopoat44.com/,39.953043699999995,-75.2103265,Japanese restaurants,University City Philadelphia PA
ChIJD1diuaPHxokRkEESK041Yaw,0x89c6c7a3b962570f:0xac61354e2b124190,Tataki Ramen & Sushi,4.7,401.0,$10–20,Ramen restaurant,"Ramen restaurant, Japanese restaurant, Delivery Restaurant, Takeout Restaurant, Restaurant, Sushi restaurant","3400 Lancaster Ave, Philadelphia, PA 19104",(267) 969-5880,https://order.mealkeyway.com/merchant/584964516c554339506764544b796c72796e4c5274413d3d/main,39.9573684,-75.19157229999999,Japanese restaurants,University City Philadelphia PA
ChIJ5V0g9qnHxokRluUQDzjL2VQ,0x89c6c7a9f6205de5:0x54d9cb380f10e596,Hayashi Sushi,4.6,181.0,,Japanese restaurant,"Japanese restaurant, Sushi restaurant","814 S 47th St, Philadelphia, PA 19143",(215) 729-6989,http://www.hayashisushiphilly.com/,39.9482536,-75.21696109999999,Japanese restaurants,University City Philadelphia PA
ChIJWy3M5yXHxokRm2z6bXsPC_c,0x89c6c725e7cc2d5b:0xf70b0f7b6dfa6c9b,Terakawa Ramen,4.4,652.0,$10–20,Ramen restaurant,"Ramen restaurant, Japanese restaurant, Restaurant","125 S 40th St, Philadelphia, PA 19104",(215) 516-6818,https://terakawaramen.com/,39.9546437,-75.20230219999999,Japanese restaurants,University City Philadelphia PA
ChIJtTN5xsvHxokREkBHpSjajmM,0x89c6c7cbc67933b5:0x638eda28a5474012,Umai Umai,4.5,524.0,$20–50,Japanese restaurant,"Japanese restaurant, Restaurant, Sushi restaurant","533 N 22nd St, Philadelphia, PA 19130",(215) 988-0707,https://www.umai-umai.com/menus/,39.9646861,-75.1741274,Japanese restaurants,University City Philadelphia PA
ChIJUWgMz8zHxokRwCRYUlyedP8,0x89c6c7cccf0c6851:0xff749e5c525824c0,Gyu-Kaku Japanese BBQ,4.4,1894.0,$20–70,Japanese restaurant,"Japanese restaurant, Barbecue restaurant, Tapas restaurant, Yakiniku restaurant","1901 Callowhill St, Philadelphia, PA 19130",(267) 603-9482,http://www.gyu-kaku.com/philadelphia,39.960716399999995,-75.17012629999999,Japanese restaurants,University City Philadelphia PA
ChIJ37F5B2LHxokRWvtoRGUu4Kc,0x89c6c7620779b1df:0xa7e02e654468fb5a,iBowl,4.9,75.0,$10–20,Restaurant,Restaurant,"Pennsylvania, Philadelphia, Lancaster Ave, 邮政编码: 19104",(267) 670-8626,https://www.ibowlpa.com/,39.959265599999995,-75.1945341,Japanese restaurants,University City Philadelphia PA
ChIJMeT1Kk7GxokRlMV6T8f0rew,0x89c6c64e2af5e431:0xecadf4c74f7ac594,Halal Cart,4.7,202.0,$1–10,Halal restaurant,Halal restaurant,"12 S 33rd St, Philadelphia, PA 19104",,,39.9551174,-75.18948209999999,halal restaurants,University City Philadelphia PA
ChIJ3YIz_g7HxokR-0qY3m-Y8mQ,0x89c6c70efe3382dd:0x64f2986fde984afb,Naz's Halal Food - Fairmount | Pick Up & Delivery Only,2.9,176.0,$10–20,Halal restaurant,Halal restaurant,"3300 Fairmount Ave, Philadelphia, PA 19104",(215) 999-1014,https://nazshalal.com/,39.966166199999996,-75.19103369999999,halal restaurants,University City Philadelphia PA
ChIJQX-yw-jHxokR8eN7f-c-oA0,0x89c6c7e8c3b27f41:0xda03ee77f7be3f1,BIG GUY halal food,4.8,25.0,$1–10,Gyro restaurant,Gyro restaurant,"S 43RD ST, Woodland Ave, Philadelphia, PA 19104",(215) 820-3906,,39.9456041,-75.208663,halal restaurants,"South Philadelphia PA, University City Philadelphia PA"
ChIJhbcd1FPGxokRfoFLNXCiLck,0x89c6c653d41db785:0xc92da270354b817e,Rana Halal Cuisine,4.0,127.0,$10–20,Halal restaurant,"Halal restaurant, Takeout Restaurant, Pizza delivery","3513 Lancaster Ave, Philadelphia, PA 19104",(215) 222-7136,https://www.ranahalalcuisinemenu.com/,39.9583156,-75.19283589999999,halal restaurants,University City Philadelphia PA
ChIJURucCvDGxokRvhveYqJYmZA,0x89c6c6f00a9c1b51:0x909958a262de1bbe,Sultan Cafe,4.5,96.0,$1–10,Halal restaurant,Halal restaurant,"4501 Walnut St, Philadelphia, PA 19139",(267) 800-5100,http://www.sultancafe.net/,39.9554049,-75.21144319999999,halal restaurants,University City Philadelphia PA
ChIJL96yh7LHxokRBUo6AA3RkXE,0x89c6c7b287b2de2f:0x7191d10d003a4a05,New York Gyro Halal food,4.8,37.0,$1–10,Halal restaurant,"Halal restaurant, Family restaurant, Gyro restaurant","50th and, Catharine St, Philadelphia, PA 19143",,,39.9482737,-75.2232381,halal restaurants,University City Philadelphia PA
ChIJC41tiXfHxokRJ1ZCi0sFgAc,0x89c6c777896d8d0b:0x780054b8b425627,Halal Food Truck,4.9,39.0,$1–10,Halal restaurant,Halal restaurant,"4100 Walnut St, Philadelphia, PA 19104",(215) 594-6613,,39.9540438,-75.2054294,halal restaurants,University City Philadelphia PA
ChIJdWfQbH_HxokRJuWGiNF_fa4,0x89c6c77f6cd06775:0xae7d7fd18886e526,Puyero Venezuelan Flavor on Campus,4.6,38.0,$10–20,Venezuelan restaurant,Venezuelan restaurant,"3428 Sansom St, Philadelphia, PA 19104",(445) 345-3778,http://puyeroflavor.com/,39.9535536,-75.1931768,gluten free restaurants,University City Philadelphia PA
ChIJ4RBi8nzHxokRLZPaEUFztn8,0x89c6c77cf26210e1:0x7fb6734111da932d,Lotus and Lime,4.7,6.0,,Asian fusion restaurant,"Asian fusion restaurant, Asian restaurant, Catering food and drink supplier, Caterer, Gluten-free restaurant, Delivery Restaurant, Salad shop, Thai restaurant, Vegan restaurant, Vietnamese restaurant","3300 Fairmount Ave, Philadelphia, PA 19104",(267) 262-5368,https://www.lotusandlime.com/,39.966166199999996,-75.19103369999999,gluten free restaurants,University City Philadelphia PA
ChIJr26A65zHxokRQ5CUIzVlxT4,0x89c6c79ceb806eaf:0x3ec5653523949043,Ben's Fast Food,4.8,60.0,$10–20,Health food restaurant,"Health food restaurant, American restaurant, Box lunch supplier, Catering food and drink supplier, Caterer, Fast food restaurant, Gluten-free restaurant, Delivery Restaurant, Takeout Restaurant, Vegan restaurant","3300 Fairmount Ave, Philadelphia, PA 19104",(267) 551-8611,https://bensfastfood.com/locations/philadelphia?utm_source=gmb&utm_medium=organic,39.966166199999996,-75.19103369999999,gluten free restaurants,University City Philadelphia PA
ChIJJ5dQYMHHxokRsmsQM0i6RPg,0x89c6c7c160509727:0xf844ba4833106bb2,Oh Brother Philly,4.7,392.0,$10–20,Cheesesteak restaurant,"Cheesesteak restaurant, American restaurant, Chicken restaurant, Fast food restaurant, Hamburger restaurant, Sandwich shop","3400 Lancaster Ave Unit 8, Philadelphia, PA 19104",(267) 542-6319,https://www.ohbrotherphilly.com/,39.957287099999995,-75.19158809999999,gluten free restaurants,University City Philadelphia PA
ChIJBfL2C5jHxokRAsJBKUyktVA,0x89c6c7980bf6f205:0x50b5a44c2941c202,Umami Express,5.0,2.0,,Asian restaurant,"Asian restaurant, Asian fusion restaurant, Box lunch supplier, Catering food and drink supplier, Caterer, Chinese restaurant, Gluten-free restaurant, Health food restaurant, Delivery Restaurant, Pan-Asian restaurant","3300 Fairmount Ave, Philadelphia, PA 19104",(267) 551-5179,https://umamiexpress.co/,39.966166199999996,-75.19103369999999,gluten free restaurants,University City Philadelphia PA
ChIJFUP8EeLFxokRc8OtFMPJMnw,0x89c6c5e211fc4315:0x7c32c9c314adc373,Scannicchio's,4.7,652.0,$20–70,Italian restaurant,Italian restaurant,"2500 S Broad St, Philadelphia, PA 19145",(215) 468-3900,http://www.scannicchio.online/,39.9193443,-75.1710284,"Italian restaurants, restaurants",South Philadelphia PA
ChIJeciRBeLFxokR27sxVM-hz7U,0x89c6c5e20591c879:0xb5cfa1cf5431bbdb,L'Angolo Ristorante,4.7,765.0,$30–40,Italian restaurant,"Italian restaurant, Restaurant","1415 W Porter St, Philadelphia, PA 19145",(215) 389-4252,,39.9196222,-75.1713639,"Italian restaurants, restaurants",South Philadelphia PA
ChIJ7RDIKZrIxokRlsVAmP_3P8g,0x89c6c89a29c810ed:0xc83ff7ff9840c596,The Twisted Tail,4.6,2265.0,$20–70,Restaurant,"Restaurant, American restaurant, Bar, Bar & grill, Brunch restaurant, Event venue, Live music venue","509 S 2nd St, Philadelphia, PA 19147",(215) 558-2471,https://thetwistedtail.com/,39.9418766,-75.1451988,restaurants,South Philadelphia PA
ChIJtaDAFQ_GxokReejnTfRLY94,0x89c6c60f15c0a0b5:0xde634bf44de7e879,Le Virtù,4.5,566.0,$50–100,Southern Italian restaurant,"Southern Italian restaurant, Restaurant","1927 Passyunk Ave, Philadelphia, PA 19148",(215) 271-5626,http://www.levirtu.com/,39.925988,-75.16783629999999,"Italian restaurants, restaurants",South Philadelphia PA
ChIJVVW8GxrGxokRZJ1JaER4I58,0x89c6c61a1bbc5555:0x9f23784468499d64,Burrata,4.7,492.0,$30–70,Italian restaurant,Italian restaurant,"1247 S 13th St, Philadelphia, PA 19147",(215) 465-2200,http://www.burrataphilly.com/,39.933935,-75.16531479999999,"Italian restaurants, restaurants",South Philadelphia PA
ChIJ4TpSfn_HxokRNJgy0rTJKVQ,0x89c6c77f7e523ae1:0x5429c9b4d2329834,Mish Mish,4.5,259.0,$100+,Restaurant,"Restaurant, Bistro, Wine bar","1046 Tasker St, Philadelphia, PA 19148",(267) 761-9750,https://www.mishmishphilly.com/,39.929647599999996,-75.16300869999999,restaurants,South Philadelphia PA
ChIJMUY9oqbFxokReE-rRhYJqzA,0x89c6c5a6a23d4631:0x30ab091646ab4f78,1731 Restaurant,4.8,149.0,$20–30,Italian restaurant,Italian restaurant,"1731 Packer Ave, Philadelphia, PA 19145",(215) 372-7269,https://1731restaurant.com/,39.912735,-75.17759749999999,restaurants,South Philadelphia PA
ChIJH6xFz57IxokRFvflfE0ibVI,0x89c6c89ecf45ac1f:0x526d224d7ce5f716,Southwark Restaurant,4.7,337.0,$50–90,New American restaurant,"New American restaurant, American restaurant, Bar, Cocktail bar, Restaurant","701 S 4th St, Philadelphia, PA 19147",(267) 930-8538,http://www.southwarkrestaurantphilly.com/,39.940457599999995,-75.1493157,restaurants,South Philadelphia PA
ChIJs-EGbQ_GxokR8kAldeCnjVY,0x89c6c60f6d06e1b3:0x568da7e0752540f2,Noir Restaurant & Bar,4.5,443.0,$30–50,Italian restaurant,"Italian restaurant, American restaurant, Bar","1909 Passyunk Ave, Philadelphia, PA 19148",(267) 319-1678,http://noirrestaurantandbar.com/,39.9263323,-75.16744899999999,restaurants,South Philadelphia PA
ChIJwfA48eLFxokRloeqyIl3jLU,0x89c6c5e2f138f0c1:0xb58c7789c8aa8796,SouthHouse,4.5,566.0,$20–30,Gastropub,"Gastropub, Bar & grill, Grocery store","2535 S 13th St, Philadelphia, PA 19148",(267) 314-5937,http://www.southhousephilly.com/,39.918055599999995,-75.16870639999999,"gluten free restaurants, restaurants",South Philadelphia PA
ChIJry-PhsjHxokREPUQS5E0Nr4,0x89c6c7c8868f2faf:0xbe3634914b10f510,"Love & Honey Fried Chicken- South Philly, PA",4.9,196.0,$10–20,Chicken restaurant,Chicken restaurant,"1523 Passyunk Ave, Philadelphia, PA 19147",(215) 694-2541,https://www.loveandhoneyfriedchicken.com/,39.9302833,-75.1627718,restaurants,South Philadelphia PA
ChIJg2ZRTc_HxokRm73PeNNCzbE,0x89c6c7cf4d516683:0xb1cd42d378cfbd9b,River Twice,4.5,282.0,$100+,Restaurant,"Restaurant, American restaurant","1601 Passyunk Ave, Philadelphia, PA 19148",(267) 457-3698,http://www.rivertwicerestaurant.com/,39.9297374,-75.1633963,restaurants,South Philadelphia PA
ChIJv0WxhQ7GxokR80Faw7TNibE,0x89c6c60e85b145bf:0xb189cdb4c35a41f3,South Philadelphia Tap Room,4.6,1152.0,$20–30,American restaurant,"American restaurant, Bar, Event venue, Gastropub, Restaurant","1509 Mifflin St, Philadelphia, PA 19145",(215) 271-7787,http://southphiladelphiataproom.com/,39.927227699999996,-75.1714789,restaurants,South Philadelphia PA
ChIJlT7VlTzGxokRCBFKum31X-I,0x89c6c63c95d53e95:0xe25ff56dba4a1108,Rex at the Royal,4.5,833.0,$20–80,Southern restaurant (US),"Southern restaurant (US), American restaurant, Bar, Cafe, Restaurant, Wine store","1524 South St, Philadelphia, PA 19146",(267) 319-1366,http://rexphl.com/,39.9437809,-75.1681729,restaurants,South Philadelphia PA
ChIJp-k9bg7GxokRGuMstperzi8,0x89c6c60e6e3de9a7:0x2fceab97b62ce31a,Hardena,4.7,774.0,$10–30,Indonesian restaurant,Indonesian restaurant,"1754 S Hicks St #2217, Philadelphia, PA 19145",(215) 271-9442,https://hardenapa.com/,39.928423099999996,-75.1712094,"restaurants, vegan restaurants, vegetarian restaurants",South Philadelphia PA
ChIJNxTcS5DHxokR1axAvP1FDG0,0x89c6c7904bdc1437:0x6d0c45fdbc40acd5,Say She Ate,4.7,140.0,$10–20,Vegan restaurant,"Vegan restaurant, Cafe, Tea house","1408 South St, Philadelphia, PA 19146, United States",+1 215-650-7577,http://saysheate.co/,39.9436332,-75.16598429999999,"vegan restaurants, vegetarian restaurants",South Philadelphia PA
ChIJvxm1dADHxokR0j3Oz36wS_A,0x89c6c70074b519bf:0xf04bb07ecfce3dd2,Cheezy Vegan Cafe & Comfort Food Lab,4.8,72.0,$20–30,Cafe,"Cafe, Coffee roastery","1216 S 17th St, Philadelphia, PA 19146, United States",+1 610-543-2300,https://www.thecheezyvegan.com/,39.9359937,-75.1723433,"vegan restaurants, vegetarian restaurants",South Philadelphia PA
ChIJy5-OjRvGxokRwuWTYQcyAh4,0x89c6c61b8d8e9fcb:0x1e0232076193e5c2,Triangle Tavern,4.6,1178.0,$20–30,Bar,"Bar, Vegetarian restaurant","1338 S 10th St, Philadelphia, PA 19147, United States",+1 215-800-1992,http://www.triangletavernphilly.com/,39.9323458,-75.1611108,"vegan restaurants, vegetarian restaurants",South Philadelphia PA
ChIJj6watKfIxokRp8O5hETvhyA,0x89c6c8a7b41aac8f:0x2087ef4484b9c3a7,Grindcore House,4.7,736.0,$10–20,Vegan restaurant,"Vegan restaurant, Coffee shop","1515 S 4th St, Philadelphia, PA 19147, United States",+1 215-839-3333,http://www.grindcorehouse.com/,39.9290368,-75.151876,vegan restaurants,South Philadelphia PA
ChIJiZbYbebHxokRj5CanFjHpeY,0x89c6c7e66dd89689:0xe6a5c7589c9a908f,The Chilly Banana,5.0,88.0,$1–10,Vegan restaurant,Vegan restaurant,"932 Passyunk Ave, Philadelphia, PA 19147, United States",+1 267-225-4892,https://www.thechillybanana.com/,39.9371973,-75.15480029999999,vegetarian restaurants,South Philadelphia PA
ChIJcYrCeh_GxokR94IQwQE3lUw,0x89c6c61f7ac28a71:0x4c953701c11082f7,Villa di Roma,4.6,1259.0,,Italian restaurant,"Italian restaurant, Restaurant","936 S 9th St, Philadelphia, PA 19147",(215) 592-1295,http://www.villadiroma.com/,39.937943,-75.1582166,Italian restaurants,South Philadelphia PA
ChIJkR6Hl5_IxokRF-1qy9aRMGo,0x89c6c89f97871e91:0x6a3091d6cb6aed17,Adoro BYOB,4.7,333.0,,Italian restaurant,Italian restaurant,"769 Passyunk Ave, Philadelphia, PA 19147",(215) 627-1454,https://www.adorobistro.com/,39.9387991,-75.1523596,Italian restaurants,South Philadelphia PA
ChIJVa9DNATHxokRhvmsXGgYFXc,0x89c6c7043443af55:0x771518685cacf986,Bucatini Caffè,5.0,153.0,,Italian restaurant,Italian restaurant,"1824 S 13th St, Philadelphia, PA 19148",(215) 990-2821,https://bucatinicaffe.com/,39.9270694,-75.16716579999999,Italian restaurants,South Philadelphia PA
ChIJZZhKRH_HxokRhrjLnwJ9dgA,0x89c6c77f444a9865:0x767d029fcbb886,La Sera Italiana BYOB,4.5,96.0,,Italian restaurant,Italian restaurant,"1608 South St, Philadelphia, PA 19146",(267) 930-7805,https://www.laseraitaliana.com/,39.9439675,-75.16915329999999,Italian restaurants,South Philadelphia PA
ChIJ0Z-dttzFxokR_hmyTD7HanA,0x89c6c5dcb69d9fd1:0x706ac73e4cb219fe,Popi's Restaurant,4.5,1333.0,,Italian restaurant,"Italian restaurant, Bar, Catering food and drink supplier, Event venue, Restaurant","3120 S 20th St, Philadelphia, PA 19145",(215) 755-7180,http://www.popisrestaurant.com/,39.9116371,-75.1827325,Italian restaurants,South Philadelphia PA
ChIJ20IkHA_GxokRTNzdwP0rnJc,0x89c6c60f1c2442db:0x979c2bfdc0dddc4c,Ristorante Pesto,4.8,1302.0,,Italian restaurant,"Italian restaurant, Restaurant","1915 S Broad St, Philadelphia, PA 19148",(215) 336-8380,http://www.ristorantepesto.com/,39.926361899999996,-75.16904749999999,"Italian restaurants, gluten free restaurants",South Philadelphia PA
ChIJtZ8T0J7IxokROg4aWIslsOE,0x89c6c89ed0139fb5:0xe1b0258b581a0e3a,Ambra Restaurant,4.8,138.0,,Italian restaurant,"Italian restaurant, Fine dining restaurant","705 S 4th St, Philadelphia, PA 19147",(267) 858-9232,http://ambraphilly.com/,39.9403167,-75.1492497,Italian restaurants,South Philadelphia PA
ChIJK0KU6R7GxokRNF3XbA1I6U4,0x89c6c61ee994422b:0x4ee9480d6cd75d34,Mole Poblano Restaurant,4.6,578.0,$20–30,Mexican restaurant,"Mexican restaurant, Restaurant","1144 S 9th St, Philadelphia, PA 19147, United States",+1 215-465-1616,https://molepoblanophilly.com/,39.935128999999996,-75.1588268,Mexican restaurants,South Philadelphia PA
ChIJW1og2ATGxokRudQGgwqw90Y,0x89c6c604d8205a5b:0x46f7b00a8306d4b9,South Philly Barbacoa,4.6,2452.0,$10–30,Mexican restaurant,"Mexican restaurant, Catering food and drink supplier, Restaurant, Wedding buffet","1134 S 9th St, Philadelphia, PA 19147, United States",+1 215-694-3797,https://chefcristinamartinez.com/restaurantes-y-experiencias/south-philly-barbacoa/,39.935493099999995,-75.1587449,Mexican restaurants,South Philadelphia PA
ChIJ15VmH7THxokRViuxcnVJsrI,0x89c6c7b41f6695d7:0xb2b2497572b12b56,Buena Vista Mexican Restaurant and Bar,4.6,203.0,$20–30,Mexican restaurant,Mexican restaurant,"767 S 9th St, Philadelphia, PA 19147, United States",+1 267-319-1818,https://buenavistamex.com/,39.939824,-75.15753219999999,Mexican restaurants,South Philadelphia PA
ChIJxca9lHHHxokR09CvQUnSsdI,0x89c6c77194bdc6c5:0xd2b1d24941afd0d3,Picositos Mexican Restaurant & Bar,4.9,117.0,$10–20,Mexican restaurant,Mexican restaurant,"1122 S 9th St, Philadelphia, PA 19147, United States",+1 215-660-9594,https://picositosrestaurant.com/,39.935745399999995,-75.15872209999999,Mexican restaurants,South Philadelphia PA
ChIJ2xiTqBPHxokRZ8aDvFzoNvI,0x89c6c713a89318db:0xf236e85cbc83c667,La Llorona Cocina & Mezcaleria,4.6,532.0,$20–30,Mexican restaurant,"Mexican restaurant, Bar, Brunch restaurant, Cocktail bar, Takeout restaurant, Taco restaurant, Vegetarian restaurant","1551 W Passyunk Ave, Philadelphia, PA 19145, United States",+1 215-515-3276,https://lalloronaphilly.com/,39.925085599999996,-75.1727334,Mexican restaurants,South Philadelphia PA
ChIJr6qMQpnIxokRUqPKULCgyKI,0x89c6c899428caaaf:0xa2c8a0b050caa352,Nora's Kitchen,4.7,565.0,$10–20,Mexican restaurant,"Mexican restaurant, Taco restaurant","248 South St, Philadelphia, PA 19147, United States",+1 267-758-2413,https://www.noraskitchenphilly.com/,39.9412701,-75.14734399999999,Mexican restaurants,South Philadelphia PA
ChIJ8Qek7J_IxokRwcudD9XfD5A,0x89c6c89feca407f1:0x900fdfd50f9dcbc1,La Bamba,4.7,136.0,$20–30,Mexican restaurant,"Mexican restaurant, Southwestern restaurant (US)","522 S 5th St, Philadelphia, PA 19147, United States",,https://labamba.carrd.co/,39.942266499999995,-75.15085429999999,Mexican restaurants,South Philadelphia PA
ChIJs8OTxQ3GxokR4IrJlCTte2g,0x89c6c60dc593c3b3:0x687bed2494c98ae0,Los Cuatro Soles Restaurant,4.7,273.0,$10–20,Mexican restaurant,Mexican restaurant,"1801 S Chadwick St, Philadelphia, PA 19145, United States",+1 215-755-1125,https://oficial4solesrestaurant.com/,39.928508,-75.173143,Mexican restaurants,South Philadelphia PA
ChIJN1Pf4R7GxokRnfC1T7jM69Y,0x89c6c61ee1df5337:0xd6ebccb84fb5f09d,Adelita,4.6,212.0,$20–30,Mexican restaurant,Mexican restaurant,"1108 S 9th St, Philadelphia, PA 19147, United States",+1 215-334-1002,http://www.adelitarestaurant.com/,39.935981999999996,-75.158665,Mexican restaurants,South Philadelphia PA
ChIJRxBSL9jJxokRkCKbJtma78I,0x89c6c9d82f521047:0xc2ef9ad9269b2290,La Canasta Mexican Food,4.7,119.0,$10–20,Mexican restaurant,"Mexican restaurant, Burrito restaurant, Takeout restaurant","2341 S 4th St, Philadelphia, PA 19148, United States",+1 267-639-4060,http://lacanastamexicanfoodpa.com/,39.9186376,-75.1539916,Mexican restaurants,South Philadelphia PA
ChIJAQBhLHXGxokREf720-Q49ac,0x89c6c6752c610001:0xa7f538e4d3f6fe11,Saffron Patch - Authentic Indian Restaurant in South Philly,4.2,235.0,$10–20,Indian restaurant,"Indian restaurant, Halal restaurant, Vegetarian restaurant","2650 S 15th St, Philadelphia, PA 19145",(215) 644-8797,http://saffronpatchphilly.com/,39.9172465,-75.1731743,Indian restaurants,South Philadelphia PA
ChIJ54Xgc9HHxokRLqHocX6PMUc,0x89c6c7d173e085e7:0x47318f7e71e8a12e,The Palace of Indian,4.1,249.0,$20–30,Indian restaurant,Indian restaurant,"1533 S 11th St, Philadelphia, PA 19147",(215) 982-1666,http://palaceofindian.com/,39.9299675,-75.16296229999999,Indian restaurants,South Philadelphia PA
ChIJYZAzaRnGxokRPNqjfyybQY4,0x89c6c61969339061:0x8e419b2c7fa3da3c,Tiffin Indian Cuisine South Philadelphia,4.2,274.0,$20–30,Indian restaurant,"Indian restaurant, Catering food and drink supplier, Delivery service, Delivery Restaurant, Takeout Restaurant, Restaurant, Vegetarian restaurant","1100 Federal St, Philadelphia, PA 19147",(215) 468-0104,http://www.tiffin.com/,39.9347056,-75.1622208,Indian restaurants,South Philadelphia PA
ChIJv-K-KADHxokRteDrhDKOYDg,0x89c6c70028bee2bf:0x38608e3284ebe0b5,South Sichuan,4.9,222.0,$10–20,Chinese restaurant,Chinese restaurant,"1548 S 19th St, Philadelphia, PA 19146",(610) 803-1593,,39.9316256,-75.1765288,Chinese restaurants,South Philadelphia PA
ChIJ-6L5jZ7IxokRGunj9TDV_8w,0x89c6c89e8df9a2fb:0xccffd530f5e3e91a,Golden Empress Garden,4.2,171.0,$10–20,Chinese restaurant,"Chinese restaurant, Asian restaurant, Delivery Restaurant, Restaurant, Vegetarian restaurant","618 South St, Philadelphia, PA 19147",(215) 627-7666,http://www.goldenempressonline.com/,39.941938199999996,-75.1529316,Chinese restaurants,South Philadelphia PA
ChIJT-M4LdnFxokRICuafLb1PzY,0x89c6c5d92d38e34f:0x363ff5b67c9a2b20,China House No. 5,4.4,739.0,$10–20,Chinese restaurant,"Chinese restaurant, Asian restaurant","2437 S 24th St #8A, Philadelphia, PA 19145",(215) 271-8840,https://chinahouseno5.shop/,39.9205056,-75.1865127,Chinese restaurants,South Philadelphia PA
ChIJoW28CpnIxokRNqYmY_dm8Wo,0x89c6c8990abc6da1:0x6af166f76326a636,Mustard Greens,4.5,186.0,$20–30,Chinese restaurant,"Chinese restaurant, Restaurant","622 S 2nd St, Philadelphia, PA 19147",(215) 627-0833,http://www.mustardgreensphilly.com/,39.940537,-75.1459636,Chinese restaurants,South Philadelphia PA
ChIJUzTPYfvFxokR2Uj2ZSkN56s,0x89c6c5fb61cf3453:0xabe70d2965f648d9,Luk Fu - Philadelphia Live!,4.3,491.0,,Asian restaurant,"Asian restaurant, Restaurant","900 Packer Ave, Philadelphia, PA 19148",(267) 682-7670,https://www.livech.com/philadelphia/dine-and-drink/luk-fu?utm_campaign=foodbev%20lukfu-onlinelistings%200426&utm_medium=gbp&utm_source=google,39.909191199999995,-75.1646617,Chinese restaurants,South Philadelphia PA
ChIJ9equ8v_HxokRnlJXbZNx-nM,0x89c6c7fff2aeeaf5:0x73fa71936d57529e,Mawn,4.8,539.0,$40–100,Noodle shop,"Noodle shop, Restaurant","764 S 9th St, Philadelphia, PA 19147",,https://mawnphilly.com/,39.9399678,-75.15789749999999,Chinese restaurants,South Philadelphia PA
ChIJiR_o2BPGxokREu8S1A62gZY,0x89c6c613d8e81f89:0x9681b60ed412ef12,Lian Hsing Chinese,4.5,99.0,$1–10,Chinese restaurant,Chinese restaurant,"1344 S Chadwick St, Philadelphia, PA 19146",(215) 462-4150,,39.933574899999996,-75.1722047,Chinese restaurants,South Philadelphia PA
ChIJmUc3uz7GxokRd9n32BagkfQ,0x89c6c63ebb374799:0xf491a016d8f7d977,Fortune Chinese Restaurant,4.1,145.0,$10–20,Chinese restaurant,"Chinese restaurant, Sushi restaurant","1828 South St, Philadelphia, PA 19146",(215) 546-3366,http://www.fortunechinesepa.com/,39.944404299999995,-75.17288099999999,Chinese restaurants,South Philadelphia PA
ChIJL2ivu13HxokRZo_RpQ51kng,0x89c6c75dbbaf682f:0x7892750ea5d18f66,Furama Restaurant,4.4,80.0,$20–30,Chinese restaurant,Chinese restaurant,"1100 Washington Ave, Philadelphia, PA 19147",(215) 271-3388,https://furama.menu/,39.9370999,-75.16199259999999,Chinese restaurants,South Philadelphia PA
ChIJQ7IO-d7FxokR8BFo6rOHKl0,0x89c6c5def90eb243:0x5d2a87b3ea6811f0,Asian Palace Restaurant,4.1,263.0,,Chinese restaurant,"Chinese restaurant, Banquet hall, Seafood restaurant, Wedding venue","2001 Oregon Ave, Philadelphia, PA 19145",(215) 467-1548,http://www.asianpalacepa.com/,39.918353599999996,-75.1811268,Chinese restaurants,South Philadelphia PA
ChIJwzDikZbJxokRwn83UmN56Lo,0x89c6c99691e230c3:0xbae8796352377fc2,Golden Triangle,4.5,104.0,$10–20,Asian restaurant,"Asian restaurant, Restaurant","610 S 5th St, Philadelphia, PA 19147",(267) 930-7990,http://www.goldentrianglepa.net/,39.9415273,-75.1509696,Chinese restaurants,South Philadelphia PA
ChIJn6JrCR3GxokRmupOy1ZVmY8,0x89c6c61d096ba29f:0x8f995556cb4eea9a,Great Wall Chinese Restaurant,4.3,94.0,$1–10,Chinese restaurant,Chinese restaurant,"1441 S 7th St, Philadelphia, PA 19147",(215) 271-1688,,39.9304395,-75.156414,Chinese restaurants,South Philadelphia PA
ChIJf8CtZQXJxokRaFBFslfygq8,0x89c6c90565adc07f:0xaf82f257b2455068,Jade Palace,4.4,70.0,$10–20,Chinese restaurant,Chinese restaurant,"1714 S 5th St, Philadelphia, PA 19148",(215) 271-8990,,39.9268645,-75.1542417,Chinese restaurants,South Philadelphia PA
ChIJA2hxN-nHxokRsikwDEKniDQ,0x89c6c7e937716803:0x3488a7420c3029b2,South Sichuan - Spring Garden,5.0,35.0,$10–20,Chinese restaurant,"Chinese restaurant, Delivery Chinese restaurant","1537 Spring Garden St, Philadelphia, PA 19130",(267) 790-1399,https://www.southsichuan.com/,39.9630481,-75.1641788,Chinese restaurants,South Philadelphia PA
ChIJ70bLsyrJxokRxcjRNcVwB_M,0x89c6c92ab3cb46ef:0xf30770c535d1c8c5,Kansai Sushi | Queen Village,4.8,46.0,$10–20,Japanese restaurant,Japanese restaurant,"624 S 3rd St, Philadelphia, PA 19147",(215) 922-5000,http://kansai2.com/,39.9407305,-75.1479482,Japanese restaurants,South Philadelphia PA
ChIJWeQjSkLHxokR10hWytW__vE,0x89c6c7424a23e459:0xf1febfd5ca5648d7,Kiku Sushi,4.8,246.0,$20–30,Japanese restaurant,Japanese restaurant,"2146 S Broad St, Philadelphia, PA 19145",(267) 519-9969,https://www.ezordernow.com/philadelphia-19145-kiku-sushi-802637,39.923280999999996,-75.17029,Japanese restaurants,South Philadelphia PA
ChIJER2PlTbJxokRcwciNh8P-Po,0x89c6c936958f1d11:0xfaf80f1f36220773,Momoka Ramen South Philly,4.8,143.0,$10–20,Japanese restaurant,"Japanese restaurant, Ramen restaurant","705 Passyunk Ave, Philadelphia, PA 19147",(215) 207-0340,http://www.momokapa.com/,39.940495,-75.150829,Japanese restaurants,South Philadelphia PA
ChIJlc9kHFfHxokRIY3yn-w2nKU,0x89c6c7571c64cf95:0xa59c36ec9ff28d21,Kyushu Ramen&Sushi,4.6,284.0,$10–20,Sushi restaurant,"Sushi restaurant, Japanese restaurant, Ramen restaurant, Restaurant","909 S 9th St, Philadelphia, PA 19147",(215) 606-0047,http://www.kyushupa.com/,39.938632899999995,-75.1577531,Japanese restaurants,South Philadelphia PA
ChIJK5tqhTfJxokR7EFEC2vzbV4,0x89c6c937856a9b2b:0x5e6df36b0b4441ec,Ginza Sushi and Ramen,4.5,220.0,$20–30,Sushi restaurant,"Sushi restaurant, Japanese restaurant","1100 S Front St, Philadelphia, PA 19147",(267) 534-4046,https://ginzasushiandramen.com/,39.9324941,-75.146151,Japanese restaurants,South Philadelphia PA
ChIJYZ5Jf1TJxokRIVvEW1QYcUE,0x89c6c9547f499e61:0x417118545bc45b21,Midori Sushi,4.8,139.0,$20–30,Sushi restaurant,"Sushi restaurant, Japanese restaurant","516 S 5th St, Philadelphia, PA 19147",(267) 848-4126,http://midorisushiphilly.com/,39.9423842,-75.1507361,Japanese restaurants,South Philadelphia PA
ChIJTwYbAXrHxokRhiMgx1j7aro,0x89c6c77a011b064f:0xba6afb58c7202386,Mari Mari,4.6,582.0,$10–20,Asian fusion restaurant,"Asian fusion restaurant, Korean restaurant, Ramen restaurant, Restaurant","105 S 13th St, Philadelphia, PA 19107",(267) 639-2698,http://marimariphilly.com/,39.9504002,-75.1616684,Japanese restaurants,South Philadelphia PA
ChIJ3XA2e__FxokRSWQ4lfg4NcM,0x89c6c5ff7b3670dd:0xc33538f895386449,The Halal Cart,4.7,82.0,$1–10,Halal restaurant,Halal restaurant,"400 Oregon Ave, Philadelphia, PA 19148",(267) 699-8572,,39.9150318,-75.1548887,halal restaurants,South Philadelphia PA
ChIJO0dq1fjFxokRP5gWkil9Qzs,0x89c6c5f8d56a473b:0x3b437d299216983f,South philly halal food,4.6,136.0,$1–10,Halal restaurant,Halal restaurant,"2412 W Passyunk Ave, Philadelphia, PA 19145",(856) 257-5756,,39.9221441,-75.1873452,halal restaurants,South Philadelphia PA
ChIJIewX62PHxokRiYPhFdyteGY,0x89c6c763eb17ec21:0x6678addc15e18389,Mecca Halal,4.6,11.0,$1–10,Middle Eastern restaurant,Middle Eastern restaurant,"Grays Ferry Ave, Philadelphia, PA 19146",(215) 439-3314,,39.9393039,-75.1927063,halal restaurants,South Philadelphia PA
ChIJ7QwGUCvJxokRLU29k4tNlkk,0x89c6c92b50060ced:0x49964d8b93bd4d2d,76ers Philly Halal Food,5.0,13.0,$1–10,Restaurant,Restaurant,"2128 S Water St, Philadelphia, PA 19148",(267) 241-7709,,39.9213338,-75.147476,halal restaurants,South Philadelphia PA
ChIJXwZBBA_HxokRRC9rX4jwSKI,0x89c6c70f0441065f:0xa248f0885f6b2f44,Ettooo's Halal Food Truck,4.9,159.0,$1–10,Takeout Restaurant,Takeout Restaurant,"8 N 46th St, Philadelphia, PA 19139",(215) 433-3538,,39.959098,-75.21388189999999,halal restaurants,South Philadelphia PA
ChIJGwxUZwbFxokRdBUM3pk4vW0,0x89c6c50667540c1b:0x6dbd3899de0c1574,Family Halal Food INC,4.7,37.0,$1–10,Halal restaurant,Halal restaurant,"6101 Passyunk Ave, Philadelphia, PA 19153",(267) 694-4114,,39.918386999999996,-75.209671,halal restaurants,South Philadelphia PA
ChIJ3xpTbR_GxokRkBJcyvB5FCk,0x89c6c61f6d531adf:0x291479f0ca5c1290,Paesano's,4.8,506.0,$10–20,Sandwich shop,"Sandwich shop, Coffee shop, Espresso bar, Gluten-free restaurant, Italian restaurant, Pastry shop, Restaurant, Soup restaurant","943 S 9th St, Philadelphia, PA 19147",(267) 294-3162,https://www.paesanosphilly.com/menu,39.937823099999996,-75.1579933,gluten free restaurants,South Philadelphia PA
ChIJDSYqr57IxokRMIa3zDyFQxA,0x89c6c89eaf2a260d:0x1043853cccb78630,Puyero Venezuelan Flavor,4.6,968.0,$10–20,Venezuelan restaurant,"Venezuelan restaurant, Gluten-free restaurant, Latin American restaurant","524 S 4th St, Philadelphia, PA 19147",(267) 928-4584,https://www.puyeroflavor.com/,39.94195,-75.149272,gluten free restaurants,South Philadelphia PA
ChIJ_323pCDGxokRltPAXDTYTbk,0x89c6c620a4b77dff:0xb94dd8345cc0d396,The Sweet Life Bakeshop,4.9,503.0,$1–10,Bakery,"Bakery, Cafe, Dessert restaurant","740 South St, Philadelphia, PA 19147",(215) 717-7770,https://www.sweetlifephilly.com/,39.9422025,-75.1552505,gluten free restaurants,South Philadelphia PA
ChIJuYxsSADHxokReWyF9NxmC9Q,0x89c6c700486c8cb9:0xd40b66dcf4856c79,Mod Spuds,4.9,53.0,$10–20,Restaurant,Restaurant,"1424 South St, Philadelphia, PA 19146",(215) 980-1157,https://www.modspuds.com/,39.943624299999996,-75.16646539999999,gluten free restaurants,South Philadelphia PA
ChIJl7tKvTzGxokRZHMr0071JNQ,0x89c6c63cbd4abb97:0xd424f54ed32b7364,The Quick Fixx,4.6,477.0,,American restaurant,"American restaurant, Cafe, Italian restaurant","1511 South St, Philadelphia, PA 19146",(267) 273-1066,https://thequickfixx.com/?utm_source=googlemybusiness,39.9440576,-75.1675911,gluten free restaurants,South Philadelphia PA
